-- phpMyAdmin SQL Dump
-- version 4.8.5
-- https://www.phpmyadmin.net/
--
-- Hôte : 127.0.0.1:3306
-- Généré le :  mar. 23 mars 2021 à 21:17
-- Version du serveur :  8.0.22
-- Version de PHP :  7.2.18

SET SQL_MODE = "NO_AUTO_VALUE_ON_ZERO";
SET AUTOCOMMIT = 0;
START TRANSACTION;
SET time_zone = "+00:00";


/*!40101 SET @OLD_CHARACTER_SET_CLIENT=@@CHARACTER_SET_CLIENT */;
/*!40101 SET @OLD_CHARACTER_SET_RESULTS=@@CHARACTER_SET_RESULTS */;
/*!40101 SET @OLD_COLLATION_CONNECTION=@@COLLATION_CONNECTION */;
/*!40101 SET NAMES utf8mb4 */;

--
-- Base de données :  `swiss_old`
--

--
-- Déchargement des données de la table `canton`
--

INSERT INTO `canton` (`sigle`, `nom`) VALUES
('AG', 'Argovie'),
('AI', 'Appenzell Rhodes-Intérieures'),
('AR', 'Appenzell Rhodes-Extérieures'),
('BE', 'Berne'),
('BL', 'Bâle-Campagne'),
('BS', 'Bâle-Ville'),
('FR', 'Fribourg'),
('GE', 'Genève'),
('GL', 'Glaris'),
('GR', 'Grisons'),
('JU', 'Jura'),
('LI', 'Liechtenstein'),
('LU', 'Lucerne'),
('NE', 'Neuchâtel'),
('NW', 'Nidwald'),
('OW', 'Obwald'),
('SG', 'Saint-Gall'),
('SH', 'Schaffhouse'),
('SO', 'Soleure'),
('SZ', 'Schwytz'),
('TG', 'Thurgovie'),
('TI', 'Tessin'),
('UR', '	Uri'),
('VD', 'Vaud'),
('VS', 'Valais'),
('ZG', 'Zoug'),
('ZH', 'Zurich');

--
-- Déchargement des données de la table `categorie`
--   

INSERT INTO `categorie` (`id`, `nom`) VALUES
(1, 'Sculptures'),
(2, 'Architectures'),
(3, 'Religion'),
(4, 'Histoire'),
(5, 'Sciences'),
(6, 'Insolite'),
(7, 'Sport'),
(8, 'Ville'),
(9, 'Peintures'),
(10, 'Gastronomie'),
(11, 'Nature');



-- Déchargement des données de la table `domaine`
--

INSERT INTO `domaine` (`id`, `nom`) VALUES
(1, 'Sport'),
(2, 'Art'),
(3, 'Musée'),
(4, 'Monument'),
(5, 'Ville');



--
-- Déchargement des données de la table `ville`
--

INSERT INTO `ville` (`id`, `nom`, `NPA`, `Canton_sigle`) VALUES
(1, 'Aeugst am Albis', 8914, 'ZH'),
(2, 'Aeugstertal', 8914, 'ZH'),
(3, 'Zwillikon', 8909, 'ZH'),
(4, 'Affoltern am Albis', 8910, 'ZH'),
(5, 'Bonstetten', 8906, 'ZH'),
(6, 'Hausen am Albis', 8915, 'ZH'),
(7, 'Ebertswil', 8925, 'ZH'),
(8, 'Hedingen', 8908, 'ZH'),
(9, 'Kappel am Albis', 8926, 'ZH'),
(10, 'Hauptikon', 8926, 'ZH'),
(11, 'Uerzlikon', 8926, 'ZH'),
(12, 'Knonau', 8934, 'ZH'),
(13, 'Maschwanden', 8933, 'ZH'),
(14, 'Mettmenstetten', 8932, 'ZH'),
(15, 'Obfelden', 8912, 'ZH'),
(16, 'Ottenbach', 8913, 'ZH'),
(17, 'Rifferswil', 8911, 'ZH'),
(18, 'Stallikon', 8143, 'ZH'),
(19, 'Uetliberg', 8143, 'ZH'),
(20, 'Wettswil', 8907, 'ZH'),
(21, 'Adlikon b. Andelfingen', 8452, 'ZH'),
(22, 'Benken ZH', 8463, 'ZH'),
(23, 'Berg am Irchel', 8415, 'ZH'),
(24, 'Gräslikon', 8415, 'ZH'),
(25, 'Buch am Irchel', 8414, 'ZH'),
(26, 'Dachsen', 8447, 'ZH'),
(27, 'Dorf', 8458, 'ZH'),
(28, 'Feuerthalen', 8245, 'ZH'),
(29, 'Langwiesen', 8246, 'ZH'),
(30, 'Flaach', 8416, 'ZH'),
(31, 'Flurlingen', 8247, 'ZH'),
(32, 'Andelfingen', 8450, 'ZH'),
(33, 'Henggart', 8444, 'ZH'),
(34, 'Humlikon', 8457, 'ZH'),
(35, 'Kleinandelfingen', 8451, 'ZH'),
(36, 'Alten', 8453, 'ZH'),
(37, 'Oerlingen', 8461, 'ZH'),
(38, 'Nohl', 8212, 'ZH'),
(39, 'Uhwiesen', 8248, 'ZH'),
(40, 'Marthalen', 8460, 'ZH'),
(41, 'Ellikon am Rhein', 8464, 'ZH'),
(42, 'Ossingen', 8475, 'ZH'),
(43, 'Rheinau', 8462, 'ZH'),
(44, 'Thalheim an der Thur', 8478, 'ZH'),
(45, 'Rudolfingen', 8465, 'ZH'),
(46, 'Wildensbuch', 8465, 'ZH'),
(47, 'Trüllikon', 8466, 'ZH'),
(48, 'Truttikon', 8467, 'ZH'),
(49, 'Volken', 8459, 'ZH'),
(50, 'Bachenbülach', 8184, 'ZH'),
(51, 'Bassersdorf', 8303, 'ZH'),
(52, 'Bülach', 8180, 'ZH'),
(53, 'Dietlikon', 8305, 'ZH'),
(54, 'Eglisau', 8193, 'ZH'),
(55, 'Embrach', 8424, 'ZH'),
(56, 'Freienstein', 8427, 'ZH'),
(57, 'Teufen ZH', 8428, 'ZH'),
(58, 'Glattfelden', 8192, 'ZH'),
(59, 'Zweidlen', 8192, 'ZH'),
(60, 'Hochfelden', 8182, 'ZH'),
(61, 'Höri', 8181, 'ZH'),
(62, 'Hüntwangen', 8194, 'ZH'),
(63, 'Kloten', 8302, 'ZH'),
(64, 'Lufingen', 8426, 'ZH'),
(65, 'Nürensdorf', 8309, 'ZH'),
(66, 'Oberembrach', 8425, 'ZH'),
(67, 'Glattbrugg', 8152, 'ZH'),
(68, 'Opfikon', 8152, 'ZH'),
(69, 'Glattpark (Opfikon)', 8152, 'ZH'),
(70, 'Rafz', 8197, 'ZH'),
(71, 'Rorbas', 8427, 'ZH'),
(72, 'Wallisellen', 8304, 'ZH'),
(73, 'Wasterkingen', 8195, 'ZH'),
(74, 'Wil ZH', 8196, 'ZH'),
(75, 'Winkel', 8185, 'ZH'),
(76, 'Bachs', 8164, 'ZH'),
(77, 'Boppelsen', 8113, 'ZH'),
(78, 'Buchs ZH', 8107, 'ZH'),
(79, 'Dällikon', 8108, 'ZH'),
(80, 'Dänikon ZH', 8114, 'ZH'),
(81, 'Dielsdorf', 8157, 'ZH'),
(82, 'Hüttikon', 8115, 'ZH'),
(83, 'Neerach', 8173, 'ZH'),
(84, 'Niederglatt ZH', 8172, 'ZH'),
(85, 'Niederhasli', 8155, 'ZH'),
(86, 'Nassenwil', 8155, 'ZH'),
(87, 'Oberhasli', 8156, 'ZH'),
(88, 'Niederweningen', 8166, 'ZH'),
(89, 'Oberglatt ZH', 8154, 'ZH'),
(90, 'Oberweningen', 8165, 'ZH'),
(91, 'Otelfingen', 8112, 'ZH'),
(92, 'Regensberg', 8158, 'ZH'),
(93, 'Regensdorf', 8105, 'ZH'),
(94, 'Watt', 8105, 'ZH'),
(95, 'Adlikon b. Regensdorf', 8106, 'ZH'),
(96, 'Rümlang', 8153, 'ZH'),
(97, 'Schleinikon', 8165, 'ZH'),
(98, 'Schöfflisdorf', 8165, 'ZH'),
(99, 'Stadel b. Niederglatt', 8174, 'ZH'),
(100, 'Windlach', 8175, 'ZH'),
(101, 'Steinmaur', 8162, 'ZH'),
(102, 'Sünikon', 8162, 'ZH'),
(103, 'Weiach', 8187, 'ZH'),
(104, 'Bäretswil', 8344, 'ZH'),
(105, 'Adetswil', 8345, 'ZH'),
(106, 'Bubikon', 8608, 'ZH'),
(107, 'Wolfhausen', 8633, 'ZH'),
(108, 'Tann', 8632, 'ZH'),
(109, 'Dürnten', 8635, 'ZH'),
(110, 'Steg im Tösstal', 8496, 'ZH'),
(111, 'Fischenthal', 8497, 'ZH'),
(112, 'Gibswil', 8498, 'ZH'),
(113, 'Bertschikon (Gossau ZH)', 8614, 'ZH'),
(114, 'Grüt (Gossau ZH)', 8624, 'ZH'),
(115, 'Gossau ZH', 8625, 'ZH'),
(116, 'Ottikon (Gossau ZH)', 8626, 'ZH'),
(117, 'Grüningen', 8627, 'ZH'),
(118, 'Hinwil', 8340, 'ZH'),
(119, 'Wernetshausen', 8342, 'ZH'),
(120, 'Rüti ZH', 8630, 'ZH'),
(121, 'Aathal-Seegräben', 8607, 'ZH'),
(122, 'Wald ZH', 8636, 'ZH'),
(123, 'Laupen ZH', 8637, 'ZH'),
(124, 'Wetzikon ZH', 8620, 'ZH'),
(125, 'Wetzikon ZH', 8623, 'ZH'),
(126, 'Adliswil', 8134, 'ZH'),
(127, 'Kilchberg ZH', 8802, 'ZH'),
(128, 'Langnau am Albis', 8135, 'ZH'),
(129, 'Oberrieden', 8942, 'ZH'),
(130, 'Richterswil', 8805, 'ZH'),
(131, 'Samstagern', 8833, 'ZH'),
(132, 'Rüschlikon', 8803, 'ZH'),
(133, 'Gattikon', 8136, 'ZH'),
(134, 'Thalwil', 8800, 'ZH'),
(135, 'Erlenbach ZH', 8703, 'ZH'),
(136, 'Herrliberg', 8704, 'ZH'),
(137, 'Hombrechtikon', 8634, 'ZH'),
(138, 'Feldbach', 8714, 'ZH'),
(139, 'Forch', 8127, 'ZH'),
(140, 'Küsnacht ZH', 8700, 'ZH'),
(141, 'Männedorf', 8708, 'ZH'),
(142, 'Meilen', 8706, 'ZH'),
(143, 'Oetwil am See', 8618, 'ZH'),
(144, 'Stäfa', 8712, 'ZH'),
(145, 'Uerikon', 8713, 'ZH'),
(146, 'Uetikon am See', 8707, 'ZH'),
(147, 'Zumikon', 8126, 'ZH'),
(148, 'Zollikerberg', 8125, 'ZH'),
(149, 'Zollikon', 8702, 'ZH'),
(150, 'Fehraltorf', 8320, 'ZH'),
(151, 'Hittnau', 8335, 'ZH'),
(152, 'Kemptthal', 8310, 'ZH'),
(153, 'Grafstal', 8310, 'ZH'),
(154, 'Winterberg ZH', 8312, 'ZH'),
(155, 'Lindau', 8315, 'ZH'),
(156, 'Tagelswangen', 8317, 'ZH'),
(157, 'Pfäffikon ZH', 8330, 'ZH'),
(158, 'Auslikon', 8331, 'ZH'),
(159, 'Madetswil', 8322, 'ZH'),
(160, 'Gündisau', 8322, 'ZH'),
(161, 'Russikon', 8332, 'ZH'),
(162, 'Rumlikon', 8332, 'ZH'),
(163, 'Weisslingen', 8484, 'ZH'),
(164, 'Neschwil', 8484, 'ZH'),
(165, 'Theilingen', 8484, 'ZH'),
(166, 'Wila', 8492, 'ZH'),
(167, 'Wildberg', 8489, 'ZH'),
(168, 'Schalchen', 8489, 'ZH'),
(169, 'Ehrikon', 8489, 'ZH'),
(170, 'Gockhausen', 8044, 'ZH'),
(171, 'Dübendorf', 8600, 'ZH'),
(172, 'Egg b. Zürich', 8132, 'ZH'),
(173, 'Hinteregg', 8132, 'ZH'),
(174, 'Esslingen', 8133, 'ZH'),
(175, 'Fällanden', 8117, 'ZH'),
(176, 'Pfaffhausen', 8118, 'ZH'),
(177, 'Benglen', 8121, 'ZH'),
(178, 'Greifensee', 8606, 'ZH'),
(179, 'Binz', 8122, 'ZH'),
(180, 'Ebmatingen', 8123, 'ZH'),
(181, 'Maur', 8124, 'ZH'),
(182, 'Mönchaltorf', 8617, 'ZH'),
(183, 'Schwerzenbach', 8603, 'ZH'),
(184, 'Nänikon', 8606, 'ZH'),
(185, 'Uster', 8610, 'ZH'),
(186, 'Sulzbach', 8614, 'ZH'),
(187, 'Wermatswil', 8615, 'ZH'),
(188, 'Freudwil', 8615, 'ZH'),
(189, 'Riedikon', 8616, 'ZH'),
(190, 'Volketswil', 8604, 'ZH'),
(191, 'Gutenswil', 8605, 'ZH'),
(192, 'Brüttisellen', 8306, 'ZH'),
(193, 'Wangen b. Dübendorf', 8602, 'ZH'),
(194, 'Altikon', 8479, 'ZH'),
(195, 'Brütten', 8311, 'ZH'),
(196, 'Rutschwil (Dägerlen)', 8471, 'ZH'),
(197, 'Dägerlen', 8471, 'ZH'),
(198, 'Oberwil (Dägerlen)', 8471, 'ZH'),
(199, 'Berg (Dägerlen)', 8471, 'ZH'),
(200, 'Bänk (Dägerlen)', 8471, 'ZH'),
(201, 'Dättlikon', 8421, 'ZH'),
(202, 'Dinhard', 8474, 'ZH'),
(203, 'Ellikon an der Thur', 8548, 'ZH'),
(204, 'Elsau', 8352, 'ZH'),
(205, 'Hagenbuch ZH', 8523, 'ZH'),
(206, 'Hettlingen', 8442, 'ZH'),
(207, 'Aesch (Neftenbach)', 8412, 'ZH'),
(208, 'Riet (Neftenbach)', 8412, 'ZH'),
(209, 'Hünikon (Neftenbach)', 8412, 'ZH'),
(210, 'Neftenbach', 8413, 'ZH'),
(211, 'Pfungen', 8422, 'ZH'),
(212, 'Rickenbach ZH', 8545, 'ZH'),
(213, 'Rickenbach Sulz', 8545, 'ZH'),
(214, 'Schlatt ZH', 8418, 'ZH'),
(215, 'Seuzach', 8472, 'ZH'),
(216, 'Turbenthal', 8488, 'ZH'),
(217, 'Schmidrüti', 8495, 'ZH'),
(218, 'Ricketwil (Winterthur)', 8352, 'ZH'),
(219, 'Winterthur', 8400, 'ZH'),
(220, 'Winterthur', 8404, 'ZH'),
(221, 'Reutlingen (Winterthur)', 8404, 'ZH'),
(222, 'Stadel (Winterthur)', 8404, 'ZH'),
(223, 'Winterthur', 8405, 'ZH'),
(224, 'Winterthur', 8406, 'ZH'),
(225, 'Winterthur', 8408, 'ZH'),
(226, 'Winterthur', 8409, 'ZH'),
(227, 'Sennhof (Winterthur)', 8482, 'ZH'),
(228, 'Kollbrunn', 8483, 'ZH'),
(229, 'Rikon im Tösstal', 8486, 'ZH'),
(230, 'Zell ZH', 8487, 'ZH'),
(231, 'Rämismühle', 8487, 'ZH'),
(232, 'Aesch ZH', 8904, 'ZH'),
(233, 'Birmensdorf ZH', 8903, 'ZH'),
(234, 'Dietikon', 8953, 'ZH'),
(235, 'Fahrweid', 8951, 'ZH'),
(236, 'Geroldswil', 8954, 'ZH'),
(237, 'Oberengstringen', 8102, 'ZH'),
(238, 'Oetwil an der Limmat', 8955, 'ZH'),
(239, 'Schlieren', 8952, 'ZH'),
(240, 'Uitikon Waldegg', 8142, 'ZH'),
(241, 'Unterengstringen', 8103, 'ZH'),
(242, 'Urdorf', 8902, 'ZH'),
(243, 'Weiningen ZH', 8104, 'ZH'),
(244, 'Zürich', 8001, 'ZH'),
(245, 'Zürich', 8002, 'ZH'),
(246, 'Zürich', 8003, 'ZH'),
(247, 'Zürich', 8004, 'ZH'),
(248, 'Zürich', 8005, 'ZH'),
(249, 'Zürich', 8006, 'ZH'),
(250, 'Zürich', 8008, 'ZH'),
(251, 'Zürich', 8032, 'ZH'),
(252, 'Zürich', 8037, 'ZH'),
(253, 'Zürich', 8038, 'ZH'),
(254, 'Zürich', 8041, 'ZH'),
(255, 'Zürich', 8044, 'ZH'),
(256, 'Zürich', 8045, 'ZH'),
(257, 'Zürich', 8046, 'ZH'),
(258, 'Zürich', 8047, 'ZH'),
(259, 'Zürich', 8048, 'ZH'),
(260, 'Zürich', 8049, 'ZH'),
(261, 'Zürich', 8050, 'ZH'),
(262, 'Zürich', 8051, 'ZH'),
(263, 'Zürich', 8052, 'ZH'),
(264, 'Zürich', 8053, 'ZH'),
(265, 'Zürich', 8055, 'ZH'),
(266, 'Zürich', 8057, 'ZH'),
(267, 'Zürich', 8064, 'ZH'),
(268, 'Waltalingen', 8468, 'ZH'),
(269, 'Guntalingen', 8468, 'ZH'),
(270, 'Unterstammheim', 8476, 'ZH'),
(271, 'Oberstammheim', 8477, 'ZH'),
(272, 'Wilen b. Neunforn', 8525, 'ZH'),
(273, 'Au ZH', 8804, 'ZH'),
(274, 'Wädenswil', 8820, 'ZH'),
(275, 'Schönenberg ZH', 8824, 'ZH'),
(276, 'Hütten', 8825, 'ZH'),
(277, 'Elgg', 8353, 'ZH'),
(278, 'Hofstetten ZH', 8354, 'ZH'),
(279, 'Dickbuch', 8354, 'ZH'),
(280, 'Sihlbrugg Station', 8135, 'ZH'),
(281, 'Sihlwald', 8135, 'ZH'),
(282, 'Horgen', 8810, 'ZH'),
(283, 'Horgenberg', 8815, 'ZH'),
(284, 'Hirzel', 8816, 'ZH'),
(285, 'Effretikon', 8307, 'ZH'),
(286, 'Ottikon b. Kemptthal', 8307, 'ZH'),
(287, 'Illnau', 8308, 'ZH'),
(288, 'Agasul', 8308, 'ZH'),
(289, 'Kyburg', 8314, 'ZH'),
(290, 'Saland', 8493, 'ZH'),
(291, 'Bauma', 8494, 'ZH'),
(292, 'Sternenberg', 8499, 'ZH'),
(293, 'Wiesendangen', 8542, 'ZH'),
(294, 'Bertschikon', 8543, 'ZH'),
(295, 'Gundetswil', 8543, 'ZH'),
(296, 'Kefikon ZH', 8543, 'ZH'),
(297, 'Attikon', 8544, 'ZH'),
(298, 'Menzengrüt', 8546, 'ZH'),
(299, 'Aarberg', 3270, 'BE'),
(300, 'Bargen BE', 3282, 'BE'),
(301, 'Grossaffoltern', 3257, 'BE'),
(302, 'Ammerzwil BE', 3257, 'BE'),
(303, 'Suberg', 3262, 'BE'),
(304, 'Golaten', 3207, 'BE'),
(305, 'Kallnach', 3283, 'BE'),
(306, 'Niederried b. Kallnach', 3283, 'BE'),
(307, 'Kappelen', 3273, 'BE'),
(308, 'Lyss', 3250, 'BE'),
(309, 'Busswil BE', 3292, 'BE'),
(310, 'Ortschwaben', 3042, 'BE'),
(311, 'Meikirch', 3045, 'BE'),
(312, 'Wahlendorf', 3046, 'BE'),
(313, 'Detligen', 3036, 'BE'),
(314, 'Radelfingen b. Aarberg', 3271, 'BE'),
(315, 'Lätti', 3053, 'BE'),
(316, 'Ruppoldsried', 3251, 'BE'),
(317, 'Rapperswil BE', 3255, 'BE'),
(318, 'Dieterswil', 3256, 'BE'),
(319, 'Bangerten b. Dieterswil', 3256, 'BE'),
(320, 'Seewil', 3256, 'BE'),
(321, 'Schüpfen', 3054, 'BE'),
(322, 'Frieswil', 3035, 'BE'),
(323, 'Wiler b. Seedorf', 3266, 'BE'),
(324, 'Seedorf BE', 3267, 'BE'),
(325, 'Lobsigen', 3268, 'BE'),
(326, 'Aarwangen', 4912, 'BE'),
(327, 'Auswil', 4944, 'BE'),
(328, 'Bannwil', 4913, 'BE'),
(329, 'Bleienbach', 3368, 'BE'),
(330, 'Busswil b. Melchnau', 4917, 'BE'),
(331, 'Gondiswil', 4955, 'BE'),
(332, 'Langenthal', 4900, 'BE'),
(333, 'Untersteckholz', 4916, 'BE'),
(334, 'Obersteckholz', 4924, 'BE'),
(335, 'Lotzwil', 4932, 'BE'),
(336, 'Gutenburg', 4932, 'BE'),
(337, 'Madiswil', 4934, 'BE'),
(338, 'Leimiswil', 4935, 'BE'),
(339, 'Kleindietwil', 4936, 'BE'),
(340, 'Melchnau', 4917, 'BE'),
(341, 'Oeschenbach', 4943, 'BE'),
(342, 'Reisiswil', 4919, 'BE'),
(343, 'Roggwil BE', 4914, 'BE'),
(344, 'Rohrbach', 4938, 'BE'),
(345, 'Rohrbachgraben', 4938, 'BE'),
(346, 'Rütschelen', 4933, 'BE'),
(347, 'Schwarzhäusern', 4911, 'BE'),
(348, 'Bützberg', 4922, 'BE'),
(349, 'Thunstetten', 4922, 'BE'),
(350, 'Ursenbach', 4937, 'BE'),
(351, 'Wynau', 4923, 'BE'),
(352, 'Bern', 3004, 'BE'),
(353, 'Bern', 3005, 'BE'),
(354, 'Bern', 3006, 'BE'),
(355, 'Bern', 3007, 'BE'),
(356, 'Bern', 3008, 'BE'),
(357, 'Bern', 3010, 'BE'),
(358, 'Bern', 3011, 'BE'),
(359, 'Bern', 3012, 'BE'),
(360, 'Bern', 3013, 'BE'),
(361, 'Bern', 3014, 'BE'),
(362, 'Bern', 3015, 'BE'),
(363, 'Bern', 3018, 'BE'),
(364, 'Bern', 3019, 'BE'),
(365, 'Bern', 3020, 'BE'),
(366, 'Bern', 3027, 'BE'),
(367, 'Bolligen', 3065, 'BE'),
(368, 'Bremgarten b. Bern', 3047, 'BE'),
(369, 'Herrenschwanden', 3037, 'BE'),
(370, 'Kirchlindach', 3038, 'BE'),
(371, 'Wabern', 3084, 'BE'),
(372, 'Spiegel b. Bern', 3095, 'BE'),
(373, 'Liebefeld', 3097, 'BE'),
(374, 'Köniz', 3098, 'BE'),
(375, 'Köniz', 3098, 'BE'),
(376, 'Schliern b. Köniz', 3098, 'BE'),
(377, 'Gasel', 3144, 'BE'),
(378, 'Niederscherli', 3145, 'BE'),
(379, 'Mittelhäusern', 3147, 'BE'),
(380, 'Niederwangen b. Bern', 3172, 'BE'),
(381, 'Oberwangen b. Bern', 3173, 'BE'),
(382, 'Thörishaus', 3174, 'BE'),
(383, 'Gümligen', 3073, 'BE'),
(384, 'Muri b. Bern', 3074, 'BE'),
(385, 'Oberbalm', 3096, 'BE'),
(386, 'Stettlen', 3066, 'BE'),
(387, 'Boll', 3067, 'BE'),
(388, 'Utzigen', 3068, 'BE'),
(389, 'Hinterkappelen', 3032, 'BE'),
(390, 'Wohlen b. Bern', 3033, 'BE'),
(391, 'Murzelen', 3034, 'BE'),
(392, 'Uettligen', 3043, 'BE'),
(393, 'Innerberg', 3044, 'BE'),
(394, 'Säriswil', 3049, 'BE'),
(395, 'Zollikofen', 3052, 'BE'),
(396, 'Worblaufen', 3048, 'BE'),
(397, 'Ittigen', 3063, 'BE'),
(398, 'Ostermundigen', 3072, 'BE'),
(399, 'Biel/Bienne', 2502, 'BE'),
(400, 'Biel/Bienne', 2503, 'BE'),
(401, 'Biel/Bienne', 2504, 'BE'),
(402, 'Biel/Bienne', 2505, 'BE'),
(403, 'Magglingen/Macolin', 2532, 'BE'),
(404, 'Evilard', 2533, 'BE'),
(405, 'Arch', 3296, 'BE'),
(406, 'Büetigen', 3263, 'BE'),
(407, 'Büren an der Aare', 3294, 'BE'),
(408, 'Diessbach b. Büren', 3264, 'BE'),
(409, 'Dotzigen', 3293, 'BE'),
(410, 'Lengnau BE', 2543, 'BE'),
(411, 'Leuzigen', 3297, 'BE'),
(412, 'Meienried', 3294, 'BE'),
(413, 'Meinisberg', 2554, 'BE'),
(414, 'Oberwil b. Büren', 3298, 'BE'),
(415, 'Pieterlen', 2542, 'BE'),
(416, 'Rüti b. Büren', 3295, 'BE'),
(417, 'Wengi b. Büren', 3251, 'BE'),
(418, 'Aefligen', 3426, 'BE'),
(419, 'Alchenstorf', 3473, 'BE'),
(420, 'Bäriswil BE', 3323, 'BE'),
(421, 'Burgdorf', 3400, 'BE'),
(422, 'Ersigen', 3423, 'BE'),
(423, 'Niederösch', 3424, 'BE'),
(424, 'Oberösch', 3424, 'BE'),
(425, 'Hasle b. Burgdorf', 3415, 'BE'),
(426, 'Schafhausen im Emmental', 3415, 'BE'),
(427, 'Biembach im Emmental', 3419, 'BE'),
(428, 'Heimiswil', 3412, 'BE'),
(429, 'Kaltacker', 3413, 'BE'),
(430, 'Hellsau', 3429, 'BE'),
(431, 'Hindelbank', 3324, 'BE'),
(432, 'Mötschwil', 3324, 'BE'),
(433, 'Höchstetten', 3429, 'BE'),
(434, 'Kernenried', 3309, 'BE'),
(435, 'Kirchberg BE', 3422, 'BE'),
(436, 'Koppigen', 3425, 'BE'),
(437, 'Hettiswil b. Hindelbank', 3325, 'BE'),
(438, 'Krauchthal', 3326, 'BE'),
(439, 'Lyssach', 3421, 'BE'),
(440, 'Oberburg', 3414, 'BE'),
(441, 'Lyssach', 3421, 'BE'),
(442, 'Rüdtligen', 3422, 'BE'),
(443, 'Alchenflüh', 3422, 'BE'),
(444, 'Rumendingen', 3472, 'BE'),
(445, 'Rüti b. Lyssach', 3421, 'BE'),
(446, 'Willadingen', 3425, 'BE'),
(447, 'Wynigen', 3472, 'BE'),
(448, 'Rüedisbach', 3474, 'BE'),
(449, 'Corgémont', 2606, 'BE'),
(450, 'Mont-Crosin', 2610, 'BE'),
(451, 'Cormoret', 2612, 'BE'),
(452, 'Cortébert', 2607, 'BE'),
(453, 'Montagne-de-Courtelary', 2608, 'BE'),
(454, 'Courtelary', 2608, 'BE'),
(455, 'La Ferričre', 2333, 'BE'),
(456, 'Mont-Tramelan', 2723, 'BE'),
(457, 'Orvin', 2534, 'BE'),
(458, 'Les Prés-d\'Orvin', 2534, 'BE'),
(459, 'Renan BE', 2616, 'BE'),
(460, 'Romont BE', 2538, 'BE'),
(461, 'St-Imier', 2610, 'BE'),
(462, 'Mont-Soleil', 2610, 'BE'),
(463, 'Les Pontins', 2610, 'BE'),
(464, 'Sonceboz-Sombeval', 2605, 'BE'),
(465, 'Sonvilier', 2615, 'BE'),
(466, 'Montagne-de-Sonvilier', 2615, 'BE'),
(467, 'Tramelan', 2720, 'BE'),
(468, 'Les Reussilles', 2722, 'BE'),
(469, 'Villeret', 2613, 'BE'),
(470, 'Frinvillier', 2535, 'BE'),
(471, 'Plagne', 2536, 'BE'),
(472, 'Vauffelin', 2537, 'BE'),
(473, 'Péry', 2603, 'BE'),
(474, 'La Heutte', 2604, 'BE'),
(475, 'Brüttelen', 3237, 'BE'),
(476, 'Erlach', 3235, 'BE'),
(477, 'Finsterhennen', 2577, 'BE'),
(478, 'Gals', 3238, 'BE'),
(479, 'Gampelen', 3236, 'BE'),
(480, 'Ins', 3232, 'BE'),
(481, 'Lüscherz', 2576, 'BE'),
(482, 'Müntschemier', 3225, 'BE'),
(483, 'Siselen BE', 2577, 'BE'),
(484, 'Treiten', 3226, 'BE'),
(485, 'Tschugg', 3233, 'BE'),
(486, 'Vinelz', 3234, 'BE'),
(487, 'Bätterkinden', 3315, 'BE'),
(488, 'Kräiligen', 3315, 'BE'),
(489, 'Deisswil b. Münchenbuchsee', 3053, 'BE'),
(490, 'Diemerswil', 3053, 'BE'),
(491, 'Etzelkofen', 3306, 'BE'),
(492, 'Grafenried', 3308, 'BE'),
(493, 'Zauggenried', 3309, 'BE'),
(494, 'Fraubrunnen', 3312, 'BE'),
(495, 'Büren zum Hof', 3313, 'BE'),
(496, 'Schalunen', 3314, 'BE'),
(497, 'Limpach', 3317, 'BE'),
(498, 'Mülchi', 3317, 'BE'),
(499, 'Jegenstorf', 3303, 'BE'),
(500, 'Münchringen', 3303, 'BE'),
(501, 'Ballmoos', 3303, 'BE'),
(502, 'Scheunen', 3305, 'BE'),
(503, 'Iffwil', 3305, 'BE'),
(504, 'Mattstetten', 3322, 'BE'),
(505, 'Moosseedorf', 3302, 'BE'),
(506, 'Münchenbuchsee', 3053, 'BE'),
(507, 'Urtenen-Schönbühl', 3322, 'BE'),
(508, 'Utzenstorf', 3427, 'BE'),
(509, 'Wiggiswil', 3053, 'BE'),
(510, 'Wiler b. Utzenstorf', 3428, 'BE'),
(511, 'Zielebach', 4564, 'BE'),
(512, 'Zuzwil BE', 3303, 'BE'),
(513, 'Adelboden', 3715, 'BE'),
(514, 'Aeschi b. Spiez', 3703, 'BE'),
(515, 'Aeschiried', 3703, 'BE'),
(516, 'Emdthal', 3711, 'BE'),
(517, 'Frutigen', 3714, 'BE'),
(518, 'Ried (Frutigen)', 3724, 'BE'),
(519, 'Achseten', 3725, 'BE'),
(520, 'Kandergrund', 3716, 'BE'),
(521, 'Blausee-Mitholz', 3717, 'BE'),
(522, 'Kandersteg', 3718, 'BE'),
(523, 'Krattigen', 3704, 'BE'),
(524, 'Mülenen', 3711, 'BE'),
(525, 'Reichenbach im Kandertal', 3713, 'BE'),
(526, 'Wengi b. Frutigen', 3714, 'BE'),
(527, 'Scharnachtal', 3722, 'BE'),
(528, 'Kiental', 3723, 'BE'),
(529, 'Sundlauenen', 3800, 'BE'),
(530, 'Beatenberg', 3803, 'BE'),
(531, 'Bönigen b. Interlaken', 3806, 'BE'),
(532, 'Brienz BE', 3855, 'BE'),
(533, 'Axalp', 3855, 'BE'),
(534, 'Brienzwiler', 3856, 'BE'),
(535, 'Därligen', 3707, 'BE'),
(536, 'Burglauenen', 3816, 'BE'),
(537, 'Grindelwald', 3818, 'BE'),
(538, 'Gsteigwiler', 3814, 'BE'),
(539, 'Interlaken', 3800, 'BE'),
(540, 'Zweilütschinen', 3815, 'BE'),
(541, 'Gündlischwand', 3815, 'BE'),
(542, 'Habkern', 3804, 'BE'),
(543, 'Hofstetten b. Brienz', 3858, 'BE'),
(544, 'Interlaken', 3800, 'BE'),
(545, 'Iseltwald', 3807, 'BE'),
(546, 'Lauterbrunnen', 3822, 'BE'),
(547, 'Isenfluh', 3822, 'BE'),
(548, 'Wengen', 3823, 'BE'),
(549, 'Kleine Scheidegg', 3823, 'BE'),
(550, 'Eigergletscher', 3823, 'BE'),
(551, 'Stechelberg', 3824, 'BE'),
(552, 'Mürren', 3825, 'BE'),
(553, 'Gimmelwald', 3826, 'BE'),
(554, 'Leissigen', 3706, 'BE'),
(555, 'Lütschental', 3816, 'BE'),
(556, 'Matten b. Interlaken', 3800, 'BE'),
(557, 'Niederried b. Interlaken', 3853, 'BE'),
(558, 'Oberried am Brienzersee', 3854, 'BE'),
(559, 'Goldswil b. Interlaken', 3805, 'BE'),
(560, 'Ringgenberg BE', 3852, 'BE'),
(561, 'Saxeten', 3813, 'BE'),
(562, 'Schwanden b. Brienz', 3855, 'BE'),
(563, 'Unterseen', 3800, 'BE'),
(564, 'Wilderswil', 3812, 'BE'),
(565, 'Arni BE', 3508, 'BE'),
(566, 'Biglen', 3507, 'BE'),
(567, 'Bowil', 3533, 'BE'),
(568, 'Brenzikofen', 3671, 'BE'),
(569, 'Freimettigen', 3510, 'BE'),
(570, 'Schlosswil', 3082, 'BE'),
(571, 'Grosshöchstetten', 3506, 'BE'),
(572, 'Häutligen', 3510, 'BE'),
(573, 'Herbligen', 3671, 'BE'),
(574, 'Kiesen', 3629, 'BE'),
(575, 'Gysenstein', 3503, 'BE'),
(576, 'Konolfingen', 3510, 'BE'),
(577, 'Obergoldbach', 3434, 'BE'),
(578, 'Landiswil', 3434, 'BE'),
(579, 'Linden', 3673, 'BE'),
(580, 'Mirchel', 3532, 'BE'),
(581, 'Trimstein', 3083, 'BE'),
(582, 'Münsingen', 3110, 'BE'),
(583, 'Tägertschi', 3111, 'BE'),
(584, 'Niederhünigen', 3504, 'BE'),
(585, 'Oberdiessbach', 3672, 'BE'),
(586, 'Aeschlen b. Oberdiessbach', 3672, 'BE'),
(587, 'Bleiken b. Oberdiessbach', 3674, 'BE'),
(588, 'Oberthal', 3531, 'BE'),
(589, 'Oppligen', 3629, 'BE'),
(590, 'Rubigen', 3113, 'BE'),
(591, 'Walkringen', 3512, 'BE'),
(592, 'Bigenthal', 3513, 'BE'),
(593, 'Rüfenacht BE', 3075, 'BE'),
(594, 'Vielbringen b. Worb', 3075, 'BE'),
(595, 'Worb', 3076, 'BE'),
(596, 'Enggistein', 3077, 'BE'),
(597, 'Richigen', 3078, 'BE'),
(598, 'Zäziwil', 3532, 'BE'),
(599, 'Oberhünigen', 3504, 'BE'),
(600, 'Allmendingen b. Bern', 3112, 'BE'),
(601, 'Wichtrach', 3114, 'BE'),
(602, 'Clavaleyres', 1595, 'BE'),
(603, 'Rizenbach', 3206, 'BE'),
(604, 'Ferenbalm', 3206, 'BE'),
(605, 'Biberen', 3206, 'BE'),
(606, 'Gammen', 3206, 'BE'),
(607, 'Frauenkappelen', 3202, 'BE'),
(608, 'Gurbrü', 3208, 'BE'),
(609, 'Kriechenwil', 3179, 'BE'),
(610, 'Laupen BE', 3177, 'BE'),
(611, 'Mühleberg', 3203, 'BE'),
(612, 'Rosshäusern', 3204, 'BE'),
(613, 'Gümmenen', 3205, 'BE'),
(614, 'Münchenwiler', 1797, 'BE'),
(615, 'Neuenegg', 3176, 'BE'),
(616, 'Wileroltigen', 3207, 'BE'),
(617, 'Belprahon', 2744, 'BE'),
(618, 'Champoz', 2735, 'BE'),
(619, 'Corcelles BE', 2747, 'BE'),
(620, 'Court', 2738, 'BE'),
(621, 'Crémines', 2746, 'BE'),
(622, 'Eschert', 2743, 'BE'),
(623, 'Grandval', 2745, 'BE'),
(624, 'Loveresse', 2732, 'BE'),
(625, 'Moutier', 2740, 'BE'),
(626, 'Perrefitte', 2742, 'BE'),
(627, 'Reconvilier', 2732, 'BE'),
(628, 'Roches BE', 2762, 'BE'),
(629, 'Le Fuet', 2712, 'BE'),
(630, 'Bellelay', 2713, 'BE'),
(631, 'Saicourt', 2732, 'BE'),
(632, 'Saules BE', 2732, 'BE'),
(633, 'Schelten', 2827, 'BE'),
(634, 'Seehof', 2747, 'BE'),
(635, 'Sorvilier', 2736, 'BE'),
(636, 'Tavannes', 2710, 'BE'),
(637, 'La Tanne', 2720, 'BE'),
(638, 'Rebévelier', 2717, 'BE'),
(639, 'Chātelat', 2715, 'BE'),
(640, 'Monible', 2715, 'BE'),
(641, 'Sornetan', 2716, 'BE'),
(642, 'Fornet-Dessous', 2717, 'BE'),
(643, 'Souboz', 2748, 'BE'),
(644, 'Les Ecorcheresses', 2748, 'BE'),
(645, 'Pontenet', 2733, 'BE'),
(646, 'Bévilard', 2735, 'BE'),
(647, 'Malleray', 2735, 'BE'),
(648, 'La Neuveville', 2520, 'BE'),
(649, 'Nods', 2518, 'BE'),
(650, 'Prźles', 2515, 'BE'),
(651, 'Lamboing', 2516, 'BE'),
(652, 'Diesse', 2517, 'BE'),
(653, 'Aegerten', 2558, 'BE'),
(654, 'Bellmund', 2564, 'BE'),
(655, 'Brügg BE', 2555, 'BE'),
(656, 'Bühl b. Aarberg', 3274, 'BE'),
(657, 'Epsach', 3272, 'BE'),
(658, 'Hagneck', 2575, 'BE'),
(659, 'Hermrigen', 3274, 'BE'),
(660, 'Jens', 2565, 'BE'),
(661, 'Ipsach', 2563, 'BE'),
(662, 'Ligerz', 2514, 'BE'),
(663, 'Merzligen', 3274, 'BE'),
(664, 'Mörigen', 2572, 'BE'),
(665, 'Nidau', 2560, 'BE'),
(666, 'Orpund', 2552, 'BE'),
(667, 'Port', 2562, 'BE'),
(668, 'Safnern', 2553, 'BE'),
(669, 'Scheuren', 2556, 'BE'),
(670, 'Schwadernau', 2556, 'BE'),
(671, 'Studen BE', 2557, 'BE'),
(672, 'Sutz', 2572, 'BE'),
(673, 'Täuffelen', 2575, 'BE'),
(674, 'Gerolfingen', 2575, 'BE'),
(675, 'Walperswil', 3272, 'BE'),
(676, 'Worben', 3252, 'BE'),
(677, 'Tüscherz-Alfermée', 2512, 'BE'),
(678, 'Twann', 2513, 'BE'),
(679, 'Därstetten', 3763, 'BE'),
(680, 'Weissenburg', 3764, 'BE'),
(681, 'Oey', 3753, 'BE'),
(682, 'Diemtigen', 3754, 'BE'),
(683, 'Horboden', 3755, 'BE'),
(684, 'Zwischenflüh', 3756, 'BE'),
(685, 'Schwenden im Diemtigtal', 3757, 'BE'),
(686, 'Latterbach', 3758, 'BE'),
(687, 'Erlenbach im Simmental', 3762, 'BE'),
(688, 'Oberwil im Simmental', 3765, 'BE'),
(689, 'Reutigen', 3647, 'BE'),
(690, 'Gwatt (Thun)', 3645, 'BE'),
(691, 'Einigen', 3646, 'BE'),
(692, 'Spiez', 3700, 'BE'),
(693, 'Hondrich', 3702, 'BE'),
(694, 'Faulensee', 3705, 'BE'),
(695, 'Wimmis', 3752, 'BE'),
(696, 'Höfen b. Thun', 3631, 'BE'),
(697, 'Niederstocken', 3632, 'BE'),
(698, 'Oberstocken', 3632, 'BE'),
(699, 'Guttannen', 3864, 'BE'),
(700, 'Hasliberg Hohfluh', 6083, 'BE'),
(701, 'Hasliberg Wasserwendi', 6084, 'BE'),
(702, 'Hasliberg Goldern', 6085, 'BE'),
(703, 'Hasliberg Reuti', 6086, 'BE'),
(704, 'Innertkirchen', 3862, 'BE'),
(705, 'Gadmen', 3863, 'BE'),
(706, 'Unterbach BE', 3857, 'BE'),
(707, 'Meiringen', 3860, 'BE'),
(708, 'Brünig', 3860, 'BE'),
(709, 'Rosenlaui', 3860, 'BE'),
(710, 'Schattenhalb', 3860, 'BE'),
(711, 'Boltigen', 3766, 'BE'),
(712, 'Lenk im Simmental', 3775, 'BE'),
(713, 'St. Stephan', 3772, 'BE'),
(714, 'Matten (St. Stephan)', 3773, 'BE'),
(715, 'Zweisimmen', 3770, 'BE'),
(716, 'Blankenburg', 3771, 'BE'),
(717, 'Oeschseite', 3776, 'BE'),
(718, 'Feutersoey', 3784, 'BE'),
(719, 'Gsteig b. Gstaad', 3785, 'BE'),
(720, 'Lauenen b. Gstaad', 3782, 'BE'),
(721, 'Abländschen', 1657, 'BE'),
(722, 'Saanenmöser', 3777, 'BE'),
(723, 'Schönried', 3778, 'BE'),
(724, 'Gstaad', 3780, 'BE'),
(725, 'Turbach', 3781, 'BE'),
(726, 'Grund b. Gstaad', 3783, 'BE'),
(727, 'Saanen', 3792, 'BE'),
(728, 'Sangernboden', 1738, 'BE'),
(729, 'Riffenmatt', 3156, 'BE'),
(730, 'Guggisberg', 3158, 'BE'),
(731, 'Riedstätt', 3159, 'BE'),
(732, 'Rüschegg Gambach', 3153, 'BE'),
(733, 'Rüschegg Heubach', 3154, 'BE'),
(734, 'Lanzenhäusern', 3148, 'BE'),
(735, 'Schwarzenburg', 3150, 'BE'),
(736, 'Mamishaus', 3152, 'BE'),
(737, 'Milken', 3157, 'BE'),
(738, 'Albligen', 3183, 'BE'),
(739, 'Belp', 3123, 'BE'),
(740, 'Belpberg', 3124, 'BE'),
(741, 'Burgistein', 3664, 'BE'),
(742, 'Gerzensee', 3115, 'BE'),
(743, 'Gurzelen', 3663, 'BE'),
(744, 'Jaberg', 3629, 'BE'),
(745, 'Kaufdorf', 3126, 'BE'),
(746, 'Kehrsatz', 3122, 'BE'),
(747, 'Kirchdorf BE', 3116, 'BE'),
(748, 'Mühledorf BE', 3116, 'BE'),
(749, 'Noflen BE', 3116, 'BE'),
(750, 'Gelterfingen', 3126, 'BE'),
(751, 'Niedermuhlern', 3087, 'BE'),
(752, 'Rüti b. Riggisberg', 3099, 'BE'),
(753, 'Rümligen', 3128, 'BE'),
(754, 'Riggisberg', 3132, 'BE'),
(755, 'Rüeggisberg', 3088, 'BE'),
(756, 'Oberbütschel', 3088, 'BE'),
(757, 'Hinterfultigen', 3089, 'BE'),
(758, 'Helgisried-Rohrbach', 3155, 'BE'),
(759, 'Seftigen', 3662, 'BE'),
(760, 'Toffen', 3125, 'BE'),
(761, 'Uttigen', 3628, 'BE'),
(762, 'Wattenwil', 3665, 'BE'),
(763, 'Zimmerwald', 3086, 'BE'),
(764, 'Englisberg', 3086, 'BE'),
(765, 'Mühlethurnen', 3127, 'BE'),
(766, 'Lohnstorf', 3127, 'BE'),
(767, 'Kirchenthurnen', 3128, 'BE'),
(768, 'Aeschau', 3536, 'BE'),
(769, 'Eggiwil', 3537, 'BE'),
(770, 'Langnau im Emmental', 3550, 'BE'),
(771, 'Oberfrittenbach', 3551, 'BE'),
(772, 'Bärau', 3552, 'BE'),
(773, 'Gohl', 3553, 'BE'),
(774, 'Lauperswil', 3438, 'BE'),
(775, 'Emmenmatt', 3543, 'BE'),
(776, 'Röthenbach im Emmental', 3538, 'BE'),
(777, 'Schwanden im Emmental', 3433, 'BE'),
(778, 'Zollbrück', 3436, 'BE'),
(779, 'Rüderswil', 3437, 'BE'),
(780, 'Schangnau', 6197, 'BE'),
(781, 'Signau', 3534, 'BE'),
(782, 'Schüpbach', 3535, 'BE'),
(783, 'Trub', 3556, 'BE'),
(784, 'Fankhaus (Trub)', 3557, 'BE'),
(785, 'Trubschachen', 3555, 'BE'),
(786, 'Amsoldingen', 3633, 'BE'),
(787, 'Blumenstein', 3638, 'BE'),
(788, 'Heimenschwand', 3615, 'BE'),
(789, 'Eriz', 3619, 'BE'),
(790, 'Fahrni b. Thun', 3617, 'BE'),
(791, 'Heiligenschwendi', 3625, 'BE'),
(792, 'Heimberg', 3627, 'BE'),
(793, 'Hünibach', 3626, 'BE'),
(794, 'Hilterfingen', 3652, 'BE'),
(795, 'Homberg b. Thun', 3622, 'BE'),
(796, 'Horrenbach', 3623, 'BE'),
(797, 'Buchen BE', 3623, 'BE'),
(798, 'Oberhofen am Thunersee', 3653, 'BE'),
(799, 'Pohlern', 3638, 'BE'),
(800, 'Gunten', 3654, 'BE'),
(801, 'Sigriswil', 3655, 'BE'),
(802, 'Tschingel ob Gunten', 3656, 'BE'),
(803, 'Aeschlen ob Gunten', 3656, 'BE'),
(804, 'Ringoldswil', 3656, 'BE'),
(805, 'Schwanden (Sigriswil)', 3657, 'BE'),
(806, 'Merligen', 3658, 'BE'),
(807, 'Steffisburg', 3612, 'BE'),
(808, 'Steffisburg', 3613, 'BE'),
(809, 'Schwendibach', 3624, 'BE'),
(810, 'Teuffenthal b. Thun', 3623, 'BE'),
(811, 'Thierachern', 3634, 'BE'),
(812, 'Thun', 3600, 'BE'),
(813, 'Thun', 3603, 'BE'),
(814, 'Thun', 3604, 'BE'),
(815, 'Thun', 3608, 'BE'),
(816, 'Goldiwil (Thun)', 3624, 'BE'),
(817, 'Uebeschi', 3635, 'BE'),
(818, 'Uetendorf', 3661, 'BE'),
(819, 'Unterlangenegg', 3614, 'BE'),
(820, 'Schwarzenegg', 3616, 'BE'),
(821, 'Süderen', 3618, 'BE'),
(822, 'Zwieselberg', 3645, 'BE'),
(823, 'Längenbühl', 3636, 'BE'),
(824, 'Forst b. Längenbühl', 3636, 'BE'),
(825, 'Affoltern im Emmental', 3416, 'BE'),
(826, 'Weier im Emmental', 3462, 'BE'),
(827, 'Häusernmoos im Emmental', 3463, 'BE'),
(828, 'Dürrenroth', 3465, 'BE'),
(829, 'Eriswil', 4952, 'BE'),
(830, 'Huttwil', 4950, 'BE'),
(831, 'Schwarzenbach (Huttwil)', 4953, 'BE'),
(832, 'Lützelflüh-Goldbach', 3432, 'BE'),
(833, 'Ramsei', 3435, 'BE'),
(834, 'Ranflüh', 3439, 'BE'),
(835, 'Grünenmatt', 3452, 'BE'),
(836, 'Rüegsauschachen', 3415, 'BE'),
(837, 'Rüegsau', 3417, 'BE'),
(838, 'Rüegsbach', 3418, 'BE'),
(839, 'Sumiswald', 3454, 'BE'),
(840, 'Grünen', 3455, 'BE'),
(841, 'Wasen im Emmental', 3457, 'BE'),
(842, 'Heimisbach', 3453, 'BE'),
(843, 'Trachselwald', 3456, 'BE'),
(844, 'Schmidigen-Mühleweg', 3464, 'BE'),
(845, 'Walterswil BE', 4942, 'BE'),
(846, 'Wyssachen', 4954, 'BE'),
(847, 'Attiswil', 4536, 'BE'),
(848, 'Berken', 3376, 'BE'),
(849, 'Bettenhausen', 3366, 'BE'),
(850, 'Bollodingen', 3366, 'BE'),
(851, 'Farnern', 4539, 'BE'),
(852, 'Graben', 3376, 'BE'),
(853, 'Wanzwil', 3372, 'BE'),
(854, 'Röthenbach Herzogenbuchsee', 3373, 'BE'),
(855, 'Heimenhausen', 3373, 'BE'),
(856, 'Herzogenbuchsee', 3360, 'BE'),
(857, 'Oberönz', 3363, 'BE'),
(858, 'Inkwil', 3375, 'BE'),
(859, 'Niederbipp', 4704, 'BE'),
(860, 'Wolfisberg', 4704, 'BE'),
(861, 'Niederönz', 3362, 'BE'),
(862, 'Oberbipp', 4538, 'BE'),
(863, 'Ochlenberg', 3367, 'BE'),
(864, 'Oschwand', 3476, 'BE'),
(865, 'Rumisberg', 4539, 'BE'),
(866, 'Grasswil', 3365, 'BE'),
(867, 'Seeberg', 3365, 'BE'),
(868, 'Riedtwil', 3475, 'BE'),
(869, 'Hermiswil', 3475, 'BE'),
(870, 'Thörigen', 3367, 'BE'),
(871, 'Walliswil b. Niederbipp', 3380, 'BE'),
(872, 'Walliswil b. Wangen', 3377, 'BE'),
(873, 'Wangen an der Aare', 3380, 'BE'),
(874, 'Wangenried', 3374, 'BE'),
(875, 'Wiedlisbach', 4537, 'BE'),
(876, 'Doppleschwand', 6112, 'LU'),
(877, 'Entlebuch', 6162, 'LU'),
(878, 'Rengg', 6162, 'LU'),
(879, 'Finsterwald b. Entlebuch', 6162, 'LU'),
(880, 'Ebnet', 6163, 'LU'),
(881, 'Flühli LU', 6173, 'LU'),
(882, 'Sörenberg', 6174, 'LU'),
(883, 'Hasle LU', 6166, 'LU'),
(884, 'Fontannen b. Wolhusen', 6110, 'LU'),
(885, 'Romoos', 6113, 'LU'),
(886, 'Bramboden', 6167, 'LU'),
(887, 'Schüpfheim', 6170, 'LU'),
(888, 'Schachen LU', 6105, 'LU'),
(889, 'Werthenstein', 6106, 'LU'),
(890, 'Escholzmatt', 6182, 'LU'),
(891, 'Wiggen', 6192, 'LU'),
(892, 'Marbach LU', 6196, 'LU'),
(893, 'Aesch LU', 6287, 'LU'),
(894, 'Ballwil', 6275, 'LU'),
(895, 'Emmenbrücke', 6020, 'LU'),
(896, 'Emmen', 6032, 'LU'),
(897, 'Ermensee', 6294, 'LU'),
(898, 'Eschenbach LU', 6274, 'LU'),
(899, 'Gelfingen', 6284, 'LU'),
(900, 'Sulz LU', 6284, 'LU'),
(901, 'Hitzkirch', 6285, 'LU'),
(902, 'Retschwil', 6285, 'LU'),
(903, 'Altwis', 6286, 'LU'),
(904, 'Müswangen', 6289, 'LU'),
(905, 'Hämikon', 6289, 'LU'),
(906, 'Hämikon', 6289, 'LU'),
(907, 'Mosen', 6295, 'LU'),
(908, 'Hochdorf', 6280, 'LU'),
(909, 'Urswil', 6280, 'LU'),
(910, 'Baldegg', 6283, 'LU'),
(911, 'Hohenrain', 6276, 'LU'),
(912, 'Kleinwangen', 6277, 'LU'),
(913, 'Lieli LU', 6277, 'LU'),
(914, 'Inwil', 6034, 'LU'),
(915, 'Rain', 6026, 'LU'),
(916, 'Römerswil LU', 6027, 'LU'),
(917, 'Herlisberg', 6028, 'LU'),
(918, 'Rothenburg', 6023, 'LU'),
(919, 'Schongau', 6288, 'LU'),
(920, 'Adligenswil', 6043, 'LU'),
(921, 'Buchrain', 6033, 'LU'),
(922, 'Perlen', 6035, 'LU'),
(923, 'Dierikon', 6036, 'LU'),
(924, 'Ebikon', 6030, 'LU'),
(925, 'Gisikon', 6038, 'LU'),
(926, 'Greppen', 6404, 'LU'),
(927, 'Honau', 6038, 'LU'),
(928, 'St. Niklausen LU', 6005, 'LU'),
(929, 'Kastanienbaum', 6047, 'LU'),
(930, 'Horw', 6048, 'LU'),
(931, 'Kriens', 6010, 'LU'),
(932, 'Obernau', 6012, 'LU'),
(933, 'Luzern', 6003, 'LU'),
(934, 'Luzern', 6004, 'LU'),
(935, 'Luzern', 6005, 'LU'),
(936, 'Luzern', 6006, 'LU'),
(937, 'Luzern', 6014, 'LU'),
(938, 'Luzern', 6015, 'LU'),
(939, 'Malters', 6102, 'LU'),
(940, 'Meggen', 6045, 'LU'),
(941, 'Meierskappel', 6344, 'LU'),
(942, 'Root', 6037, 'LU'),
(943, 'Root D4', 6039, 'LU'),
(944, 'Eigenthal', 6013, 'LU'),
(945, 'Schwarzenberg LU', 6103, 'LU'),
(946, 'Udligenswil', 6044, 'LU'),
(947, 'Vitznau', 6354, 'LU'),
(948, 'Weggis', 6353, 'LU'),
(949, 'Rigi Kaltbad', 6356, 'LU'),
(950, 'Neudorf', 6025, 'LU'),
(951, 'Beromünster', 6215, 'LU'),
(952, 'Schwarzenbach LU', 6215, 'LU'),
(953, 'Gunzwil', 6222, 'LU'),
(954, 'Büron', 6233, 'LU'),
(955, 'Buttisholz', 6018, 'LU'),
(956, 'Eich', 6205, 'LU'),
(957, 'Geuensee', 6232, 'LU'),
(958, 'Grosswangen', 6022, 'LU'),
(959, 'Hildisrieden', 6024, 'LU'),
(960, 'St. Erhard', 6212, 'LU'),
(961, 'Knutwil', 6213, 'LU'),
(962, 'Kaltbach', 6212, 'LU'),
(963, 'Mauensee', 6216, 'LU'),
(964, 'Hellbühl', 6016, 'LU'),
(965, 'Sempach Station', 6203, 'LU'),
(966, 'Neuenkirch', 6206, 'LU'),
(967, 'Nottwil', 6207, 'LU'),
(968, 'Oberkirch LU', 6208, 'LU'),
(969, 'Pfeffikon LU', 5735, 'LU'),
(970, 'Rickenbach LU', 6221, 'LU'),
(971, 'Ruswil', 6017, 'LU'),
(972, 'Sigigen', 6019, 'LU'),
(973, 'Schenkon', 6214, 'LU'),
(974, 'Schlierbach', 6231, 'LU'),
(975, 'Sempach', 6204, 'LU'),
(976, 'Sursee', 6210, 'LU'),
(977, 'Triengen', 6234, 'LU'),
(978, 'Kulmerau', 6234, 'LU'),
(979, 'Winikon', 6235, 'LU'),
(980, 'Wilihof', 6236, 'LU'),
(981, 'Wolhusen', 6110, 'LU'),
(982, 'Steinhuserberg', 6114, 'LU'),
(983, 'Alberswil', 6248, 'LU'),
(984, 'Altbüron', 6147, 'LU'),
(985, 'Ebersecken', 6245, 'LU'),
(986, 'Altishofen', 6246, 'LU'),
(987, 'Buchs LU', 6211, 'LU'),
(988, 'Dagmersellen', 6252, 'LU'),
(989, 'Uffikon', 6253, 'LU'),
(990, 'Egolzwil', 6243, 'LU'),
(991, 'Kottwil', 6217, 'LU'),
(992, 'Ettiswil', 6218, 'LU'),
(993, 'Fischbach LU', 6145, 'LU'),
(994, 'Grossdietwil', 6146, 'LU'),
(995, 'Hergiswil b. Willisau', 6133, 'LU'),
(996, 'Hofstatt', 6154, 'LU'),
(997, 'Luthern', 6156, 'LU'),
(998, 'Luthern Bad', 6156, 'LU'),
(999, 'Menznau', 6122, 'LU'),
(1000, 'Geiss', 6123, 'LU'),
(1001, 'Menzberg', 6125, 'LU'),
(1002, 'Nebikon', 6244, 'LU'),
(1003, 'St. Urban', 4915, 'LU'),
(1004, 'Pfaffnau', 6264, 'LU'),
(1005, 'Reiden', 6260, 'LU'),
(1006, 'Reidermoos', 6260, 'LU'),
(1007, 'Mehlsecken', 6260, 'LU'),
(1008, 'Langnau b. Reiden', 6262, 'LU'),
(1009, 'Richenthal', 6263, 'LU'),
(1010, 'Roggliswil', 6265, 'LU'),
(1011, 'Ohmstal', 6143, 'LU'),
(1012, 'Schötz', 6247, 'LU'),
(1013, 'Ufhusen', 6153, 'LU'),
(1014, 'Wauwil', 6242, 'LU'),
(1015, 'Wikon', 4806, 'LU'),
(1016, 'Hintermoos', 6260, 'LU'),
(1017, 'Zell LU', 6144, 'LU'),
(1018, 'Hüswil', 6152, 'LU'),
(1019, 'Daiwil', 6126, 'LU'),
(1020, 'Willisau', 6130, 'LU'),
(1021, 'Rohrmatt', 6132, 'LU'),
(1022, 'Gettnau', 6142, 'LU'),
(1023, 'Altdorf UR', 6460, 'UR'),
(1024, 'Andermatt', 6490, 'UR'),
(1025, 'Attinghausen', 6468, 'UR'),
(1026, 'Bürglen UR', 6463, 'UR'),
(1027, 'Erstfeld', 6472, 'UR'),
(1028, 'Flüelen', 6454, 'UR'),
(1029, 'Göschenen', 6487, 'UR'),
(1030, 'Intschi', 6476, 'UR'),
(1031, 'Gurtnellen', 6482, 'UR'),
(1032, 'Hospental', 6493, 'UR'),
(1033, 'Isenthal', 6461, 'UR'),
(1034, 'Realp', 6491, 'UR'),
(1035, 'Schattdorf', 6467, 'UR'),
(1036, 'Haldi b. Schattdorf', 6469, 'UR'),
(1037, 'Seedorf UR', 6462, 'UR'),
(1038, 'Bauen', 6466, 'UR'),
(1039, 'Seelisberg', 6377, 'UR'),
(1040, 'Rütli', 6441, 'UR'),
(1041, 'Silenen', 6473, 'UR'),
(1042, 'Amsteg', 6474, 'UR'),
(1043, 'Bristen', 6475, 'UR'),
(1044, 'Sisikon', 6452, 'UR'),
(1045, 'Spiringen', 6464, 'UR'),
(1046, 'Urnerboden', 8751, 'UR'),
(1047, 'Unterschächen', 6465, 'UR'),
(1048, 'Wassen UR', 6484, 'UR'),
(1049, 'Meien', 6485, 'UR'),
(1050, 'Bennau', 8836, 'SZ'),
(1051, 'Einsiedeln', 8840, 'SZ'),
(1052, 'Trachslau', 8840, 'SZ'),
(1053, 'Gross', 8841, 'SZ'),
(1054, 'Euthal', 8844, 'SZ'),
(1055, 'Willerzell', 8846, 'SZ'),
(1056, 'Egg SZ', 8847, 'SZ'),
(1057, 'Rigi Scheidegg', 6410, 'SZ'),
(1058, 'Gersau', 6442, 'SZ'),
(1059, 'Schindellegi', 8834, 'SZ'),
(1060, 'Feusisberg', 8835, 'SZ'),
(1061, 'Hurden', 8640, 'SZ'),
(1062, 'Bäch SZ', 8806, 'SZ'),
(1063, 'Freienbach', 8807, 'SZ'),
(1064, 'Pfäffikon SZ', 8808, 'SZ'),
(1065, 'Wollerau', 8832, 'SZ'),
(1066, 'Wilen b. Wollerau', 8832, 'SZ'),
(1067, 'Wollerau', 8832, 'SZ'),
(1068, 'Merlischachen', 6402, 'SZ'),
(1069, 'Küssnacht am Rigi', 6403, 'SZ'),
(1070, 'Immensee', 6405, 'SZ'),
(1071, 'Altendorf', 8852, 'SZ'),
(1072, 'Galgenen', 8854, 'SZ'),
(1073, 'Innerthal', 8858, 'SZ'),
(1074, 'Lachen SZ', 8853, 'SZ'),
(1075, 'Reichenburg', 8864, 'SZ'),
(1076, 'Siebnen', 8854, 'SZ'),
(1077, 'Schübelbach', 8862, 'SZ'),
(1078, 'Buttikon SZ', 8863, 'SZ'),
(1079, 'Tuggen', 8856, 'SZ'),
(1080, 'Vorderthal', 8857, 'SZ'),
(1081, 'Wangen SZ', 8855, 'SZ'),
(1082, 'Alpthal', 8849, 'SZ'),
(1083, 'Goldau', 6410, 'SZ'),
(1084, 'Rigi Klösterli', 6410, 'SZ'),
(1085, 'Rigi Staffel', 6410, 'SZ'),
(1086, 'Rigi Kulm', 6410, 'SZ'),
(1087, 'Oberarth', 6414, 'SZ'),
(1088, 'Arth', 6415, 'SZ'),
(1089, 'Illgau', 6434, 'SZ'),
(1090, 'Brunnen', 6440, 'SZ'),
(1091, 'Lauerz', 6424, 'SZ'),
(1092, 'Stoos SZ', 6433, 'SZ'),
(1093, 'Morschach', 6443, 'SZ'),
(1094, 'Muotathal', 6436, 'SZ'),
(1095, 'Bisisthal', 6436, 'SZ'),
(1096, 'Ried (Muotathal)', 6436, 'SZ'),
(1097, 'Oberiberg', 8843, 'SZ'),
(1098, 'Riemenstalden', 6452, 'SZ'),
(1099, 'Rothenthurm', 6418, 'SZ'),
(1100, 'Sattel', 6417, 'SZ'),
(1101, 'Seewen SZ', 6423, 'SZ'),
(1102, 'Schwyz', 6430, 'SZ'),
(1103, 'Rickenbach b. Schwyz', 6432, 'SZ'),
(1104, 'Ibach', 6438, 'SZ'),
(1105, 'Steinen', 6422, 'SZ'),
(1106, 'Steinerberg', 6416, 'SZ'),
(1107, 'Unteriberg', 8842, 'SZ'),
(1108, 'Studen SZ', 8845, 'SZ'),
(1109, 'Pilatus Kulm', 6010, 'OW'),
(1110, 'Alpnachstad', 6053, 'OW'),
(1111, 'Alpnach Dorf', 6055, 'OW'),
(1112, 'Grafenort', 6388, 'OW'),
(1113, 'Engelberg', 6390, 'OW'),
(1114, 'Giswil', 6074, 'OW'),
(1115, 'Kerns', 6064, 'OW'),
(1116, 'St. Niklausen OW', 6066, 'OW'),
(1117, 'Melchtal', 6067, 'OW'),
(1118, 'Melchsee-Frutt', 6068, 'OW'),
(1119, 'Lungern', 6078, 'OW'),
(1120, 'Bürglen OW', 6078, 'OW'),
(1121, 'Sachseln', 6072, 'OW'),
(1122, 'Flüeli-Ranft', 6073, 'OW'),
(1123, 'Kägiswil', 6056, 'OW'),
(1124, 'Sarnen', 6060, 'OW'),
(1125, 'Ramersberg', 6060, 'OW'),
(1126, 'Wilen (Sarnen)', 6062, 'OW'),
(1127, 'Stalden (Sarnen)', 6063, 'OW'),
(1128, 'Beckenried', 6375, 'NW'),
(1129, 'Buochs', 6374, 'NW'),
(1130, 'Dallenwil', 6383, 'NW'),
(1131, 'Wiesenberg', 6383, 'NW'),
(1132, 'Wirzweli', 6383, 'NW'),
(1133, 'Emmetten', 6376, 'NW'),
(1134, 'Bürgenstock', 6363, 'NW'),
(1135, 'Ennetbürgen', 6373, 'NW'),
(1136, 'Ennetmoos', 6372, 'NW'),
(1137, 'Hergiswil NW', 6052, 'NW'),
(1138, 'Oberdorf NW', 6370, 'NW'),
(1139, 'Büren NW', 6382, 'NW'),
(1140, 'Niederrickenbach', 6383, 'NW'),
(1141, 'Stans', 6370, 'NW'),
(1142, 'Stansstad', 6362, 'NW'),
(1143, 'Obbürgen', 6363, 'NW'),
(1144, 'Fürigen', 6363, 'NW'),
(1145, 'Kehrsiten', 6365, 'NW'),
(1146, 'Wolfenschiessen', 6386, 'NW'),
(1147, 'Oberrickenbach', 6387, 'NW'),
(1148, 'Näfels', 8752, 'GL'),
(1149, 'Mollis', 8753, 'GL'),
(1150, 'Filzbach', 8757, 'GL'),
(1151, 'Obstalden', 8758, 'GL'),
(1152, 'Bilten', 8865, 'GL'),
(1153, 'Niederurnen', 8867, 'GL'),
(1154, 'Oberurnen', 8868, 'GL'),
(1155, 'Mühlehorn', 8874, 'GL'),
(1156, 'Mitlödi', 8756, 'GL'),
(1157, 'Schwanden GL', 8762, 'GL'),
(1158, 'Schwändi b. Schwanden', 8762, 'GL'),
(1159, 'Sool', 8762, 'GL'),
(1160, 'Engi', 8765, 'GL'),
(1161, 'Matt', 8766, 'GL'),
(1162, 'Elm', 8767, 'GL'),
(1163, 'Nidfurn', 8772, 'GL'),
(1164, 'Haslen GL', 8773, 'GL'),
(1165, 'Leuggelbach', 8774, 'GL'),
(1166, 'Luchsingen', 8775, 'GL'),
(1167, 'Hätzingen', 8775, 'GL'),
(1168, 'Diesbach GL', 8777, 'GL'),
(1169, 'Betschwanden', 8777, 'GL'),
(1170, 'Rüti GL', 8782, 'GL'),
(1171, 'Linthal', 8783, 'GL'),
(1172, 'Braunwald', 8784, 'GL'),
(1173, 'Glarus', 8750, 'GL'),
(1174, 'Riedern', 8750, 'GL'),
(1175, 'Klöntal', 8750, 'GL'),
(1176, 'Netstal', 8754, 'GL'),
(1177, 'Ennenda', 8755, 'GL'),
(1178, 'Allenwinden', 6319, 'ZG'),
(1179, 'Baar', 6340, 'ZG'),
(1180, 'Cham', 6330, 'ZG'),
(1181, 'Hagendorn', 6332, 'ZG'),
(1182, 'Hünenberg', 6331, 'ZG'),
(1183, 'Hünenberg See', 6333, 'ZG'),
(1184, 'Menzingen', 6313, 'ZG'),
(1185, 'Menzingen', 6313, 'ZG'),
(1186, 'Edlibach', 6313, 'ZG'),
(1187, 'Finstersee', 6313, 'ZG'),
(1188, 'Sihlbrugg', 6340, 'ZG'),
(1189, 'Neuheim', 6345, 'ZG'),
(1190, 'Oberägeri', 6315, 'ZG'),
(1191, 'Alosen', 6315, 'ZG'),
(1192, 'Morgarten', 6315, 'ZG'),
(1193, 'Rotkreuz', 6343, 'ZG'),
(1194, 'Buonas', 6343, 'ZG'),
(1195, 'Risch', 6343, 'ZG'),
(1196, 'Holzhäusern ZG', 6343, 'ZG'),
(1197, 'Steinhausen', 6312, 'ZG'),
(1198, 'Unterägeri', 6314, 'ZG'),
(1199, 'Neuägeri', 6314, 'ZG'),
(1200, 'Walchwil', 6318, 'ZG'),
(1201, 'Zug', 6300, 'ZG'),
(1202, 'Zugerberg', 6300, 'ZG'),
(1203, 'Oberwil b. Zug', 6317, 'ZG'),
(1204, 'Chātillon FR', 1473, 'FR'),
(1205, 'Cugy FR', 1482, 'FR'),
(1206, 'Vesin', 1483, 'FR'),
(1207, 'Fétigny', 1532, 'FR'),
(1208, 'Gletterens', 1544, 'FR'),
(1209, 'Lully FR', 1470, 'FR'),
(1210, 'Seiry', 1470, 'FR'),
(1211, 'Bollion', 1470, 'FR'),
(1212, 'Méničres', 1533, 'FR'),
(1213, 'Cousset', 1774, 'FR'),
(1214, 'Cousset', 1774, 'FR'),
(1215, 'Montagny-les-Monts', 1774, 'FR'),
(1216, 'Mannens', 1775, 'FR'),
(1217, 'Grandsivaz', 1775, 'FR'),
(1218, 'Montagny-la-Ville', 1776, 'FR'),
(1219, 'Nuvilly', 1485, 'FR'),
(1220, 'Prévondavaux', 1410, 'FR'),
(1221, 'St-Aubin FR', 1566, 'FR'),
(1222, 'Les Friques', 1566, 'FR'),
(1223, 'Sévaz', 1541, 'FR'),
(1224, 'Villeneuve FR', 1527, 'FR'),
(1225, 'Surpierre', 1528, 'FR'),
(1226, 'Praratoud', 1528, 'FR'),
(1227, 'Cheiry', 1529, 'FR'),
(1228, 'Chapelle (Broye)', 1534, 'FR'),
(1229, 'Vallon', 1565, 'FR'),
(1230, 'Montet (Broye)', 1483, 'FR'),
(1231, 'Frasses', 1483, 'FR'),
(1232, 'Aumont', 1484, 'FR'),
(1233, 'Granges-de-Vesin', 1484, 'FR'),
(1234, 'Delley', 1567, 'FR'),
(1235, 'Portalban', 1568, 'FR'),
(1236, 'Dompierre FR', 1563, 'FR'),
(1237, 'Domdidier', 1564, 'FR'),
(1238, 'Léchelles', 1773, 'FR'),
(1239, 'Chandon', 1773, 'FR'),
(1240, 'Russy', 1773, 'FR'),
(1241, 'Estavayer-le-Lac', 1470, 'FR'),
(1242, 'Font', 1473, 'FR'),
(1243, 'Autavaux', 1475, 'FR'),
(1244, 'Forel FR', 1475, 'FR'),
(1245, 'Montbrelloz', 1475, 'FR'),
(1246, 'Vuissens', 1486, 'FR'),
(1247, 'Murist', 1489, 'FR'),
(1248, 'Bussy FR', 1541, 'FR'),
(1249, 'Morens FR', 1541, 'FR'),
(1250, 'Rueyres-les-Prés', 1542, 'FR'),
(1251, 'Cheyres', 1468, 'FR'),
(1252, 'Chābles FR', 1474, 'FR'),
(1253, 'Auboranges', 1673, 'FR'),
(1254, 'Billens', 1681, 'FR'),
(1255, 'Hennens', 1681, 'FR'),
(1256, 'Chapelle (Glāne)', 1608, 'FR'),
(1257, 'Le Chātelard-prčs-Romont', 1689, 'FR'),
(1258, 'Chātonnaye', 1553, 'FR'),
(1259, 'Ecublens FR', 1673, 'FR'),
(1260, 'Grangettes-prčs-Romont', 1686, 'FR'),
(1261, 'Massonnens', 1692, 'FR'),
(1262, 'Berlens', 1680, 'FR'),
(1263, 'Mézičres FR', 1684, 'FR'),
(1264, 'Montet (Glāne)', 1674, 'FR'),
(1265, 'Romont FR', 1680, 'FR'),
(1266, 'Promasens', 1673, 'FR'),
(1267, 'Gillarens', 1673, 'FR'),
(1268, 'Rue', 1673, 'FR'),
(1269, 'Blessens', 1675, 'FR'),
(1270, 'Chavannes-les-Forts', 1676, 'FR'),
(1271, 'Prez-vers-Siviriez', 1677, 'FR'),
(1272, 'Siviriez', 1678, 'FR'),
(1273, 'Villaraboud', 1679, 'FR'),
(1274, 'Ursy', 1670, 'FR'),
(1275, 'Bionnens', 1670, 'FR'),
(1276, 'Esmonts', 1670, 'FR'),
(1277, 'Vuarmarens', 1674, 'FR'),
(1278, 'Morlens', 1674, 'FR'),
(1279, 'Vauderens', 1675, 'FR'),
(1280, 'Mossel', 1675, 'FR'),
(1281, 'Villariaz', 1685, 'FR'),
(1282, 'La Neirigue', 1686, 'FR'),
(1283, 'Vuisternens-devant-Romont', 1687, 'FR'),
(1284, 'La Magne', 1687, 'FR'),
(1285, 'Estévenens', 1687, 'FR'),
(1286, 'Sommentier', 1688, 'FR'),
(1287, 'Lieffrens', 1688, 'FR'),
(1288, 'La Joux FR', 1697, 'FR'),
(1289, 'Les Ecasseys', 1697, 'FR'),
(1290, 'Villarsiviriaux', 1694, 'FR'),
(1291, 'Villargiroud', 1694, 'FR'),
(1292, 'Orsonnens', 1694, 'FR'),
(1293, 'Chavannes-sous-Orsonnens', 1694, 'FR'),
(1294, 'Torny-le-Grand', 1748, 'FR'),
(1295, 'Middes', 1749, 'FR'),
(1296, 'Villaz-St-Pierre', 1690, 'FR'),
(1297, 'Lussy FR', 1690, 'FR'),
(1298, 'Villarimboud', 1691, 'FR'),
(1299, 'Albeuve', 1669, 'FR'),
(1300, 'Lessoc', 1669, 'FR'),
(1301, 'Les Sciernes-d\'Albeuve', 1669, 'FR'),
(1302, 'Neirivue', 1669, 'FR'),
(1303, 'Montbovon', 1669, 'FR'),
(1304, 'Gumefens', 1643, 'FR'),
(1305, 'Avry-devant-Pont', 1644, 'FR'),
(1306, 'Le Bry', 1645, 'FR'),
(1307, 'Botterens', 1652, 'FR'),
(1308, 'Villarbeney', 1652, 'FR'),
(1309, 'Broc', 1636, 'FR'),
(1310, 'Bulle', 1630, 'FR'),
(1311, 'La Tour-de-Trźme', 1635, 'FR'),
(1312, 'Chātel-sur-Montsalvens', 1653, 'FR'),
(1313, 'Corbičres', 1647, 'FR'),
(1314, 'Villarvolard', 1651, 'FR'),
(1315, 'Crésuz', 1653, 'FR'),
(1316, 'Echarlens', 1646, 'FR'),
(1317, 'Grandvillard', 1666, 'FR'),
(1318, 'Gruyčres', 1663, 'FR'),
(1319, 'Pringy', 1663, 'FR'),
(1320, 'Epagny', 1663, 'FR'),
(1321, 'Moléson-sur-Gruyčres', 1663, 'FR'),
(1322, 'Hauteville', 1648, 'FR'),
(1323, 'Jaun', 1656, 'FR'),
(1324, 'Im Fang', 1656, 'FR'),
(1325, 'Marsens', 1633, 'FR'),
(1326, 'Vuippens', 1633, 'FR'),
(1327, 'Morlon', 1638, 'FR'),
(1328, 'Le Pāquier-Montbarry', 1661, 'FR'),
(1329, 'Pont-la-Ville', 1649, 'FR'),
(1330, 'Riaz', 1632, 'FR'),
(1331, 'La Roche FR', 1634, 'FR'),
(1332, 'Sāles (Gruyčre)', 1625, 'FR'),
(1333, 'Maules', 1625, 'FR'),
(1334, 'Romanens', 1626, 'FR'),
(1335, 'Treyfayes', 1626, 'FR'),
(1336, 'Rueyres-Treyfayes', 1626, 'FR'),
(1337, 'Sorens', 1642, 'FR'),
(1338, 'Vaulruz', 1627, 'FR'),
(1339, 'Vuadens', 1628, 'FR'),
(1340, 'Estavannens', 1665, 'FR'),
(1341, 'Villars-sous-Mont', 1666, 'FR'),
(1342, 'Enney', 1667, 'FR'),
(1343, 'Charmey (Gruyčre)', 1637, 'FR'),
(1344, 'Cerniat FR', 1654, 'FR'),
(1345, 'Autigny', 1742, 'FR'),
(1346, 'Corjolens', 1754, 'FR'),
(1347, 'Avry-sur-Matran', 1754, 'FR'),
(1348, 'Belfaux', 1782, 'FR'),
(1349, 'Autafond', 1782, 'FR'),
(1350, 'Chénens', 1744, 'FR'),
(1351, 'Corminboeuf', 1720, 'FR'),
(1352, 'Chésopelloz', 1720, 'FR'),
(1353, 'Cottens FR', 1741, 'FR'),
(1354, 'Ferpicloz', 1724, 'FR'),
(1355, 'Fribourg', 1700, 'FR'),
(1356, 'Bourguillon', 1722, 'FR'),
(1357, 'Givisiez', 1762, 'FR'),
(1358, 'Granges-Paccot', 1763, 'FR'),
(1359, 'Grolley', 1772, 'FR'),
(1360, 'Marly', 1723, 'FR'),
(1361, 'Matran', 1753, 'FR'),
(1362, 'Neyruz FR', 1740, 'FR'),
(1363, 'Pierrafortscha', 1723, 'FR'),
(1364, 'Nierlet-les-Bois', 1772, 'FR'),
(1365, 'Ponthaux', 1772, 'FR'),
(1366, 'Le Mouret', 1724, 'FR'),
(1367, 'Essert FR', 1724, 'FR'),
(1368, 'Montévraz', 1724, 'FR'),
(1369, 'Oberried FR', 1724, 'FR'),
(1370, 'Zénauva', 1724, 'FR'),
(1371, 'Bonnefontaine', 1724, 'FR'),
(1372, 'Treyvaux', 1733, 'FR'),
(1373, 'Villars-sur-Glāne', 1752, 'FR'),
(1374, 'Villarsel-sur-Marly', 1723, 'FR'),
(1375, 'Posieux', 1725, 'FR'),
(1376, 'Ecuvillens', 1730, 'FR'),
(1377, 'Lentigny', 1745, 'FR'),
(1378, 'Onnens FR', 1756, 'FR'),
(1379, 'Lovens', 1756, 'FR'),
(1380, 'Lossy', 1782, 'FR'),
(1381, 'La Corbaz', 1782, 'FR'),
(1382, 'Cormagens', 1782, 'FR'),
(1383, 'Formangueires', 1782, 'FR'),
(1384, 'Villarlod', 1695, 'FR'),
(1385, 'Rueyres-St-Laurent', 1695, 'FR'),
(1386, 'Estavayer-le-Gibloux', 1695, 'FR'),
(1387, 'Villarsel-le-Gibloux', 1695, 'FR'),
(1388, 'Vuisternens-en-Ogoz', 1696, 'FR'),
(1389, 'Farvagny-le-Grand', 1726, 'FR'),
(1390, 'Farvagny-le-Petit', 1726, 'FR'),
(1391, 'Grenilles', 1726, 'FR'),
(1392, 'Posat', 1726, 'FR'),
(1393, 'Corpataux', 1727, 'FR'),
(1394, 'Magnedens', 1727, 'FR'),
(1395, 'Rossens FR', 1728, 'FR'),
(1396, 'Prez-vers-Noréaz', 1746, 'FR'),
(1397, 'Corserey', 1747, 'FR'),
(1398, 'Noréaz', 1757, 'FR'),
(1399, 'Senčdes', 1724, 'FR'),
(1400, 'Ependes FR', 1731, 'FR'),
(1401, 'Arconciel', 1732, 'FR'),
(1402, 'Courgevaux', 1796, 'FR'),
(1403, 'Villarepos', 1583, 'FR'),
(1404, 'Pensier', 1783, 'FR'),
(1405, 'Barberźche', 1783, 'FR'),
(1406, 'Courtepin', 1784, 'FR'),
(1407, 'Wallenried', 1784, 'FR'),
(1408, 'Courtaman', 1791, 'FR'),
(1409, 'Cressier FR', 1785, 'FR'),
(1410, 'Fräschels', 3284, 'FR'),
(1411, 'Galmiz', 3285, 'FR'),
(1412, 'Gempenach', 3215, 'FR'),
(1413, 'Greng', 3280, 'FR'),
(1414, 'Cordast', 1792, 'FR'),
(1415, 'Guschelmuth', 1792, 'FR'),
(1416, 'Wallenbuch', 3206, 'FR'),
(1417, 'Gurmels', 3212, 'FR'),
(1418, 'Kleingurmels', 3212, 'FR'),
(1419, 'Liebistorf', 3213, 'FR'),
(1420, 'Kerzers', 3210, 'FR'),
(1421, 'Kleinbösingen', 3213, 'FR'),
(1422, 'Meyriez', 3280, 'FR'),
(1423, 'Misery', 1721, 'FR'),
(1424, 'Cormérod', 1721, 'FR'),
(1425, 'Courtion', 1721, 'FR'),
(1426, 'Cournillens', 1721, 'FR'),
(1427, 'Muntelier', 3286, 'FR'),
(1428, 'Jeuss', 1793, 'FR'),
(1429, 'Salvenach', 1794, 'FR'),
(1430, 'Courlevon', 1795, 'FR'),
(1431, 'Büchslen', 3215, 'FR'),
(1432, 'Lurtigen', 3215, 'FR'),
(1433, 'Murten', 3280, 'FR'),
(1434, 'Ried b. Kerzers', 3216, 'FR'),
(1435, 'Agriswil', 3216, 'FR'),
(1436, 'Ulmiz', 3214, 'FR'),
(1437, 'Sugiez', 1786, 'FR'),
(1438, 'Mōtier (Vully)', 1787, 'FR'),
(1439, 'Mur (Vully) FR', 1787, 'FR'),
(1440, 'Praz (Vully)', 1788, 'FR'),
(1441, 'Lugnorre', 1789, 'FR'),
(1442, 'Brünisried', 1719, 'FR'),
(1443, 'Düdingen', 3186, 'FR'),
(1444, 'Giffers', 1735, 'FR'),
(1445, 'Bösingen', 3178, 'FR'),
(1446, 'Heitenried', 1714, 'FR'),
(1447, 'Plaffeien', 1716, 'FR'),
(1448, 'Oberschrot', 1716, 'FR'),
(1449, 'Schwarzsee', 1716, 'FR'),
(1450, 'Zumholz', 1719, 'FR'),
(1451, 'Plasselb', 1737, 'FR'),
(1452, 'Rechthalten', 1718, 'FR'),
(1453, 'St. Silvester', 1736, 'FR'),
(1454, 'St. Ursen', 1717, 'FR'),
(1455, 'Schmitten FR', 3185, 'FR'),
(1456, 'Tafers', 1712, 'FR'),
(1457, 'St. Antoni', 1713, 'FR'),
(1458, 'Alterswil FR', 1715, 'FR'),
(1459, 'Tentlingen', 1734, 'FR'),
(1460, 'Ueberstorf', 3182, 'FR'),
(1461, 'Flamatt', 3175, 'FR'),
(1462, 'Wünnewil', 3184, 'FR'),
(1463, 'Attalens', 1616, 'FR'),
(1464, 'Tatroz', 1617, 'FR'),
(1465, 'Bossonnens', 1615, 'FR'),
(1466, 'Chātel-St-Denis', 1618, 'FR'),
(1467, 'Les Paccots', 1619, 'FR'),
(1468, 'Granges (Veveyse)', 1614, 'FR'),
(1469, 'Remaufens', 1617, 'FR'),
(1470, 'St-Martin FR', 1609, 'FR'),
(1471, 'Besencens', 1609, 'FR'),
(1472, 'Fiaugčres', 1609, 'FR'),
(1473, 'Semsales', 1623, 'FR'),
(1474, 'Porsel', 1699, 'FR'),
(1475, 'Pont (Veveyse)', 1699, 'FR'),
(1476, 'Bouloz', 1699, 'FR'),
(1477, 'Le Crźt-prčs-Semsales', 1611, 'FR'),
(1478, 'La Verrerie', 1624, 'FR'),
(1479, 'Grattavache', 1624, 'FR'),
(1480, 'Progens', 1624, 'FR'),
(1481, 'Progens', 1624, 'FR'),
(1482, 'Egerkingen', 4622, 'SO'),
(1483, 'Härkingen', 4624, 'SO'),
(1484, 'Kestenholz', 4703, 'SO'),
(1485, 'Neuendorf', 4623, 'SO'),
(1486, 'Niederbuchsiten', 4626, 'SO'),
(1487, 'Oberbuchsiten', 4625, 'SO'),
(1488, 'Oensingen', 4702, 'SO'),
(1489, 'Wolfwil', 4628, 'SO'),
(1490, 'Aedermannsdorf', 4714, 'SO'),
(1491, 'Balsthal', 4710, 'SO'),
(1492, 'Herbetswil', 4715, 'SO'),
(1493, 'Holderbank SO', 4718, 'SO'),
(1494, 'Laupersdorf', 4712, 'SO'),
(1495, 'Matzendorf', 4713, 'SO'),
(1496, 'Mümliswil', 4717, 'SO'),
(1497, 'Ramiswil', 4719, 'SO'),
(1498, 'Welschenrohr', 4716, 'SO'),
(1499, 'Gänsbrunnen', 4716, 'SO'),
(1500, 'Biezwil', 4585, 'SO'),
(1501, 'Lüterkofen', 4571, 'SO'),
(1502, 'Ichertswil', 4571, 'SO'),
(1503, 'Lüterswil', 4584, 'SO'),
(1504, 'Gächliwil', 4584, 'SO'),
(1505, 'Messen', 3254, 'SO'),
(1506, 'Balm b. Messen', 3254, 'SO'),
(1507, 'Brunnenthal', 3307, 'SO'),
(1508, 'Oberramsern', 4588, 'SO'),
(1509, 'Schnottwil', 3253, 'SO'),
(1510, 'Unterramsern', 4588, 'SO'),
(1511, 'Nennigkofen', 4574, 'SO'),
(1512, 'Lüsslingen', 4574, 'SO'),
(1513, 'Tscheppach', 4576, 'SO'),
(1514, 'Hessigkofen', 4577, 'SO'),
(1515, 'Bibern SO', 4578, 'SO'),
(1516, 'Gossliwil', 4579, 'SO'),
(1517, 'Küttigkofen', 4581, 'SO'),
(1518, 'Brügglen', 4582, 'SO'),
(1519, 'Mühledorf SO', 4583, 'SO'),
(1520, 'Aetigkofen', 4583, 'SO'),
(1521, 'Kyburg-Buchegg', 4586, 'SO'),
(1522, 'Aetingen', 4587, 'SO'),
(1523, 'Brittern', 4588, 'SO'),
(1524, 'Bättwil', 4112, 'SO'),
(1525, 'Büren SO', 4413, 'SO'),
(1526, 'Dornach', 4143, 'SO'),
(1527, 'Gempen', 4145, 'SO'),
(1528, 'Hochwald', 4146, 'SO'),
(1529, 'Flüh', 4112, 'SO'),
(1530, 'Hofstetten SO', 4114, 'SO'),
(1531, 'Mariastein', 4115, 'SO'),
(1532, 'Metzerlen', 4116, 'SO'),
(1533, 'Nuglar', 4412, 'SO'),
(1534, 'St. Pantaleon', 4421, 'SO'),
(1535, 'Rodersdorf', 4118, 'SO'),
(1536, 'Seewen SO', 4206, 'SO'),
(1537, 'Witterswil', 4108, 'SO'),
(1538, 'Hauenstein', 4633, 'SO'),
(1539, 'Kienberg', 4468, 'SO'),
(1540, 'Lostorf', 4654, 'SO'),
(1541, 'Niedergösgen', 5013, 'SO'),
(1542, 'Obergösgen', 4653, 'SO'),
(1543, 'Stüsslingen', 4655, 'SO'),
(1544, 'Rohr b. Olten', 4655, 'SO'),
(1545, 'Trimbach', 4632, 'SO'),
(1546, 'Winznau', 4652, 'SO'),
(1547, 'Wisen SO', 4634, 'SO'),
(1548, 'Erlinsbach SO', 5015, 'SO'),
(1549, 'Aeschi SO', 4556, 'SO'),
(1550, 'Burgäschi', 4556, 'SO'),
(1551, 'Steinhof SO', 4556, 'SO'),
(1552, 'Biberist', 4562, 'SO'),
(1553, 'Bolken', 4556, 'SO'),
(1554, 'Deitingen', 4543, 'SO'),
(1555, 'Derendingen', 4552, 'SO'),
(1556, 'Etziken', 4554, 'SO'),
(1557, 'Gerlafingen', 4563, 'SO'),
(1558, 'Halten', 4566, 'SO'),
(1559, 'Horriwil', 4557, 'SO'),
(1560, 'Hüniken', 4554, 'SO'),
(1561, 'Kriegstetten', 4566, 'SO'),
(1562, 'Lohn-Ammannsegg', 4573, 'SO'),
(1563, 'Luterbach', 4542, 'SO'),
(1564, 'Obergerlafingen', 4564, 'SO'),
(1565, 'Oekingen', 4566, 'SO'),
(1566, 'Recherswil', 4565, 'SO'),
(1567, 'Subingen', 4553, 'SO'),
(1568, 'Zuchwil', 4528, 'SO'),
(1569, 'Hersiwil', 4558, 'SO'),
(1570, 'Heinrichswil', 4558, 'SO'),
(1571, 'Winistorf', 4558, 'SO'),
(1572, 'Balmberg', 4524, 'SO'),
(1573, 'Oberbalmberg', 4524, 'SO'),
(1574, 'Balm b. Günsberg', 4525, 'SO'),
(1575, 'Bellach', 4512, 'SO'),
(1576, 'Bettlach', 2544, 'SO'),
(1577, 'Feldbrunnen', 4532, 'SO'),
(1578, 'Flumenthal', 4534, 'SO'),
(1579, 'Grenchen', 2540, 'SO'),
(1580, 'Günsberg', 4524, 'SO'),
(1581, 'Hubersdorf', 4535, 'SO'),
(1582, 'Kammersrohr', 4535, 'SO'),
(1583, 'Langendorf', 4513, 'SO'),
(1584, 'Lommiswil', 4514, 'SO'),
(1585, 'Oberdorf SO', 4515, 'SO'),
(1586, 'Weissenstein b. Solothurn', 4515, 'SO'),
(1587, 'Niederwil SO', 4523, 'SO'),
(1588, 'Riedholz', 4533, 'SO'),
(1589, 'Rüttenen', 4522, 'SO'),
(1590, 'Selzach', 2545, 'SO'),
(1591, 'Boningen', 4618, 'SO'),
(1592, 'Däniken SO', 4658, 'SO'),
(1593, 'Dulliken', 4657, 'SO'),
(1594, 'Wöschnau', 5012, 'SO'),
(1595, 'Eppenberg', 5012, 'SO'),
(1596, 'Fulenbach', 4629, 'SO'),
(1597, 'Gretzenbach', 5014, 'SO'),
(1598, 'Gunzgen', 4617, 'SO'),
(1599, 'Hägendorf', 4614, 'SO'),
(1600, 'Allerheiligenberg', 4615, 'SO'),
(1601, 'Kappel SO', 4616, 'SO');
INSERT INTO `ville` (`id`, `nom`, `NPA`, `Canton_sigle`) VALUES
(1602, 'Olten', 4600, 'SO'),
(1603, 'Rickenbach SO', 4613, 'SO'),
(1604, 'Schönenwerd', 5012, 'SO'),
(1605, 'Starrkirch-Wil', 4656, 'SO'),
(1606, 'Walterswil SO', 5746, 'SO'),
(1607, 'Wangen b. Olten', 4612, 'SO'),
(1608, 'Solothurn', 4500, 'SO'),
(1609, 'Bärschwil', 4252, 'SO'),
(1610, 'Beinwil SO', 4229, 'SO'),
(1611, 'Breitenbach', 4226, 'SO'),
(1612, 'Büsserach', 4227, 'SO'),
(1613, 'Erschwil', 4228, 'SO'),
(1614, 'Fehren', 4232, 'SO'),
(1615, 'Grindel', 4247, 'SO'),
(1616, 'Himmelried', 4204, 'SO'),
(1617, 'Kleinlützel', 4245, 'SO'),
(1618, 'Meltingen', 4233, 'SO'),
(1619, 'Nunningen', 4208, 'SO'),
(1620, 'Zullwil', 4234, 'SO'),
(1621, 'Basel', 4001, 'BS'),
(1622, 'Basel', 4031, 'BS'),
(1623, 'Basel', 4031, 'BS'),
(1624, 'Basel', 4051, 'BS'),
(1625, 'Basel', 4052, 'BS'),
(1626, 'Basel', 4052, 'BS'),
(1627, 'Basel', 4053, 'BS'),
(1628, 'Basel', 4054, 'BS'),
(1629, 'Basel', 4055, 'BS'),
(1630, 'Basel', 4056, 'BS'),
(1631, 'Basel', 4057, 'BS'),
(1632, 'Basel', 4058, 'BS'),
(1633, 'Basel', 4059, 'BS'),
(1634, 'Bettingen', 4126, 'BS'),
(1635, 'Riehen', 4125, 'BS'),
(1636, 'Aesch BL', 4147, 'BL'),
(1637, 'Allschwil', 4123, 'BL'),
(1638, 'Arlesheim', 4144, 'BL'),
(1639, 'Biel-Benken BL', 4105, 'BL'),
(1640, 'Bruderholz', 4101, 'BL'),
(1641, 'Binningen', 4102, 'BL'),
(1642, 'Birsfelden', 4127, 'BL'),
(1643, 'Bottmingen', 4103, 'BL'),
(1644, 'Ettingen', 4107, 'BL'),
(1645, 'Münchenstein', 4142, 'BL'),
(1646, 'Muttenz', 4132, 'BL'),
(1647, 'Oberwil BL', 4104, 'BL'),
(1648, 'Pfeffingen', 4148, 'BL'),
(1649, 'Reinach BL', 4153, 'BL'),
(1650, 'Schönenbuch', 4124, 'BL'),
(1651, 'Therwil', 4106, 'BL'),
(1652, 'Blauen', 4223, 'BL'),
(1653, 'Brislach', 4225, 'BL'),
(1654, 'Burg im Leimental', 4117, 'BL'),
(1655, 'Dittingen', 4243, 'BL'),
(1656, 'Duggingen', 4202, 'BL'),
(1657, 'Grellingen', 4203, 'BL'),
(1658, 'Laufen', 4242, 'BL'),
(1659, 'Liesberg', 4253, 'BL'),
(1660, 'Liesberg Dorf', 4254, 'BL'),
(1661, 'Nenzlingen', 4224, 'BL'),
(1662, 'Roggenburg', 2814, 'BL'),
(1663, 'Röschenz', 4244, 'BL'),
(1664, 'Wahlen b. Laufen', 4246, 'BL'),
(1665, 'Zwingen', 4222, 'BL'),
(1666, 'Arisdorf', 4422, 'BL'),
(1667, 'Augst BL', 4302, 'BL'),
(1668, 'Bubendorf', 4416, 'BL'),
(1669, 'Frenkendorf', 4402, 'BL'),
(1670, 'Füllinsdorf', 4414, 'BL'),
(1671, 'Giebenach', 4304, 'BL'),
(1672, 'Hersberg', 4423, 'BL'),
(1673, 'Lausen', 4415, 'BL'),
(1674, 'Liestal', 4410, 'BL'),
(1675, 'Lupsingen', 4419, 'BL'),
(1676, 'Pratteln', 4133, 'BL'),
(1677, 'Ramlinsburg', 4433, 'BL'),
(1678, 'Seltisberg', 4411, 'BL'),
(1679, 'Ziefen', 4417, 'BL'),
(1680, 'Anwil', 4469, 'BL'),
(1681, 'Böckten', 4461, 'BL'),
(1682, 'Buckten', 4446, 'BL'),
(1683, 'Buus', 4463, 'BL'),
(1684, 'Diepflingen', 4442, 'BL'),
(1685, 'Gelterkinden', 4460, 'BL'),
(1686, 'Häfelfingen', 4445, 'BL'),
(1687, 'Hemmiken', 4465, 'BL'),
(1688, 'Itingen', 4452, 'BL'),
(1689, 'Känerkinden', 4447, 'BL'),
(1690, 'Kilchberg BL', 4496, 'BL'),
(1691, 'Läufelfingen', 4448, 'BL'),
(1692, 'Maisprach', 4464, 'BL'),
(1693, 'Nusshof', 4453, 'BL'),
(1694, 'Oltingen', 4494, 'BL'),
(1695, 'Ormalingen', 4466, 'BL'),
(1696, 'Rickenbach BL', 4462, 'BL'),
(1697, 'Rothenfluh', 4467, 'BL'),
(1698, 'Rümlingen', 4444, 'BL'),
(1699, 'Rünenberg', 4497, 'BL'),
(1700, 'Sissach', 4450, 'BL'),
(1701, 'Tecknau', 4492, 'BL'),
(1702, 'Tenniken', 4456, 'BL'),
(1703, 'Thürnen', 4441, 'BL'),
(1704, 'Wenslingen', 4493, 'BL'),
(1705, 'Wintersingen', 4451, 'BL'),
(1706, 'Wittinsburg', 4443, 'BL'),
(1707, 'Zeglingen', 4495, 'BL'),
(1708, 'Zunzgen', 4455, 'BL'),
(1709, 'Arboldswil', 4424, 'BL'),
(1710, 'Bennwil', 4431, 'BL'),
(1711, 'Bretzwil', 4207, 'BL'),
(1712, 'Diegten', 4457, 'BL'),
(1713, 'Eptingen', 4458, 'BL'),
(1714, 'Hölstein', 4434, 'BL'),
(1715, 'Lampenberg', 4432, 'BL'),
(1716, 'Langenbruck', 4438, 'BL'),
(1717, 'Lauwil', 4426, 'BL'),
(1718, 'Liedertswil', 4436, 'BL'),
(1719, 'Niederdorf', 4435, 'BL'),
(1720, 'Oberdorf BL', 4436, 'BL'),
(1721, 'Reigoldswil', 4418, 'BL'),
(1722, 'Titterten', 4425, 'BL'),
(1723, 'Waldenburg', 4437, 'BL'),
(1724, 'Gächlingen', 8214, 'SH'),
(1725, 'Gächlingen', 8214, 'SH'),
(1726, 'Löhningen', 8224, 'SH'),
(1727, 'Neunkirch', 8213, 'SH'),
(1728, 'Büttenhardt', 8236, 'SH'),
(1729, 'Dörflingen', 8239, 'SH'),
(1730, 'Lohn SH', 8235, 'SH'),
(1731, 'Stetten SH', 8234, 'SH'),
(1732, 'Opfertshofen SH', 8236, 'SH'),
(1733, 'Thayngen', 8240, 'SH'),
(1734, 'Barzheim', 8241, 'SH'),
(1735, 'Bibern SH', 8242, 'SH'),
(1736, 'Hofen SH', 8242, 'SH'),
(1737, 'Altdorf SH', 8243, 'SH'),
(1738, 'Bargen SH', 8233, 'SH'),
(1739, 'Beringen', 8222, 'SH'),
(1740, 'Guntmadingen', 8223, 'SH'),
(1741, 'Buchberg', 8454, 'SH'),
(1742, 'Merishausen', 8232, 'SH'),
(1743, 'Neuhausen am Rheinfall', 8212, 'SH'),
(1744, 'Rüdlingen', 8455, 'SH'),
(1745, 'Schaffhausen', 8200, 'SH'),
(1746, 'Schaffhausen', 8203, 'SH'),
(1747, 'Schaffhausen', 8207, 'SH'),
(1748, 'Schaffhausen', 8208, 'SH'),
(1749, 'Hemmental', 8231, 'SH'),
(1750, 'Beggingen', 8228, 'SH'),
(1751, 'Schleitheim', 8226, 'SH'),
(1752, 'Siblingen', 8225, 'SH'),
(1753, 'Buch SH', 8263, 'SH'),
(1754, 'Hemishofen', 8261, 'SH'),
(1755, 'Ramsen', 8262, 'SH'),
(1756, 'Stein am Rhein', 8260, 'SH'),
(1757, 'Hallau', 8215, 'SH'),
(1758, 'Oberhallau', 8216, 'SH'),
(1759, 'Trasadingen', 8219, 'SH'),
(1760, 'Wilchingen', 8217, 'SH'),
(1761, 'Wilchingen', 8217, 'SH'),
(1762, 'Osterfingen', 8218, 'SH'),
(1763, 'Herisau', 9100, 'AR'),
(1764, 'Schachen b. Herisau', 9112, 'AR'),
(1765, 'Hundwil', 9064, 'AR'),
(1766, 'Schönengrund', 9105, 'AR'),
(1767, 'Schwellbrunn', 9103, 'AR'),
(1768, 'Stein AR', 9063, 'AR'),
(1769, 'Urnäsch', 9107, 'AR'),
(1770, 'Waldstatt', 9104, 'AR'),
(1771, 'Bühler', 9055, 'AR'),
(1772, 'Gais', 9056, 'AR'),
(1773, 'Speicherschwendi', 9037, 'AR'),
(1774, 'Speicher', 9042, 'AR'),
(1775, 'Niederteufen', 9052, 'AR'),
(1776, 'Teufen AR', 9053, 'AR'),
(1777, 'Lustmühle', 9062, 'AR'),
(1778, 'Trogen', 9043, 'AR'),
(1779, 'Grub AR', 9035, 'AR'),
(1780, 'Heiden', 9410, 'AR'),
(1781, 'Wienacht-Tobel', 9405, 'AR'),
(1782, 'Lutzenberg', 9426, 'AR'),
(1783, 'Rehetobel', 9038, 'AR'),
(1784, 'Reute AR', 9411, 'AR'),
(1785, 'Schachen b. Reute', 9411, 'AR'),
(1786, 'Wald AR', 9044, 'AR'),
(1787, 'Walzenhausen', 9428, 'AR'),
(1788, 'Wolfhalden', 9427, 'AR'),
(1789, 'Appenzell', 9050, 'AI'),
(1790, 'Appenzell Meistersrüte', 9050, 'AI'),
(1791, 'Gonten', 9108, 'AI'),
(1792, 'Gontenbad', 9108, 'AI'),
(1793, 'Jakobsbad', 9108, 'AI'),
(1794, 'Appenzell Eggerstanden', 9050, 'AI'),
(1795, 'Appenzell Steinegg', 9050, 'AI'),
(1796, 'Weissbad', 9057, 'AI'),
(1797, 'Brülisau', 9058, 'AI'),
(1798, 'Appenzell Enggenhütten', 9050, 'AI'),
(1799, 'Appenzell Schlatt', 9050, 'AI'),
(1800, 'Haslen AI', 9054, 'AI'),
(1801, 'Schwende', 9057, 'AI'),
(1802, 'Wasserauen', 9057, 'AI'),
(1803, 'Oberegg', 9413, 'AI'),
(1804, 'Oberegg', 9413, 'AI'),
(1805, 'Büriswilen', 9442, 'AI'),
(1806, 'Lömmenschwil', 9308, 'SG'),
(1807, 'Häggenschwil', 9312, 'SG'),
(1808, 'Muolen', 9313, 'SG'),
(1809, 'St. Gallen', 9000, 'SG'),
(1810, 'St. Gallen', 9008, 'SG'),
(1811, 'St. Gallen', 9010, 'SG'),
(1812, 'St. Gallen', 9011, 'SG'),
(1813, 'St. Gallen', 9012, 'SG'),
(1814, 'St. Gallen', 9014, 'SG'),
(1815, 'St. Gallen', 9015, 'SG'),
(1816, 'St. Gallen', 9016, 'SG'),
(1817, 'Wittenbach', 9300, 'SG'),
(1818, 'Berg SG', 9305, 'SG'),
(1819, 'Eggersriet', 9034, 'SG'),
(1820, 'Grub SG', 9036, 'SG'),
(1821, 'Goldach', 9403, 'SG'),
(1822, 'Mörschwil', 9402, 'SG'),
(1823, 'Rorschach', 9400, 'SG'),
(1824, 'Rorschacherberg', 9404, 'SG'),
(1825, 'Steinach', 9323, 'SG'),
(1826, 'Tübach', 9327, 'SG'),
(1827, 'Untereggen', 9033, 'SG'),
(1828, 'Au SG', 9434, 'SG'),
(1829, 'Heerbrugg', 9435, 'SG'),
(1830, 'Balgach', 9436, 'SG'),
(1831, 'Reute AR', 9411, 'SG'),
(1832, 'Berneck', 9442, 'SG'),
(1833, 'Diepoldsau', 9444, 'SG'),
(1834, 'Rheineck', 9424, 'SG'),
(1835, 'St. Margrethen SG', 9430, 'SG'),
(1836, 'Staad SG', 9422, 'SG'),
(1837, 'Altenrhein', 9423, 'SG'),
(1838, 'Thal', 9425, 'SG'),
(1839, 'Widnau', 9443, 'SG'),
(1840, 'Altstätten SG', 9450, 'SG'),
(1841, 'Lüchingen', 9450, 'SG'),
(1842, 'Hinterforst', 9452, 'SG'),
(1843, 'Lienz', 9464, 'SG'),
(1844, 'Eichberg', 9453, 'SG'),
(1845, 'Marbach SG', 9437, 'SG'),
(1846, 'Kriessern', 9451, 'SG'),
(1847, 'Montlingen', 9462, 'SG'),
(1848, 'Montlingen', 9462, 'SG'),
(1849, 'Oberriet SG', 9463, 'SG'),
(1850, 'Rebstein', 9445, 'SG'),
(1851, 'Rüthi (Rheintal)', 9464, 'SG'),
(1852, 'Buchs SG', 9470, 'SG'),
(1853, 'Gams', 9473, 'SG'),
(1854, 'Werdenberg', 9470, 'SG'),
(1855, 'Grabs', 9472, 'SG'),
(1856, 'Grabserberg', 9472, 'SG'),
(1857, 'Salez', 9465, 'SG'),
(1858, 'Sennwald', 9466, 'SG'),
(1859, 'Frümsen', 9467, 'SG'),
(1860, 'Sax', 9468, 'SG'),
(1861, 'Haag (Rheintal)', 9469, 'SG'),
(1862, 'Sevelen', 9475, 'SG'),
(1863, 'Weite', 9476, 'SG'),
(1864, 'Fontnas', 9476, 'SG'),
(1865, 'Trübbach', 9477, 'SG'),
(1866, 'Azmoos', 9478, 'SG'),
(1867, 'Oberschan', 9479, 'SG'),
(1868, 'Malans SG', 9479, 'SG'),
(1869, 'Gretschins', 9479, 'SG'),
(1870, 'Bad Ragaz', 7310, 'SG'),
(1871, 'Flums', 8890, 'SG'),
(1872, 'Flums Hochwiese', 8893, 'SG'),
(1873, 'Flumserberg Saxli', 8894, 'SG'),
(1874, 'Flumserberg Portels', 8895, 'SG'),
(1875, 'Flumserberg Bergheim', 8896, 'SG'),
(1876, 'Flumserberg Tannenheim', 8897, 'SG'),
(1877, 'Flumserberg Tannenbodenalp', 8898, 'SG'),
(1878, 'Schwendi im Weisstannental', 7325, 'SG'),
(1879, 'Weisstannen', 7326, 'SG'),
(1880, 'Mädris-Vermol', 8886, 'SG'),
(1881, 'Mels', 8887, 'SG'),
(1882, 'Heiligkreuz (Mels)', 8888, 'SG'),
(1883, 'Plons', 8889, 'SG'),
(1884, 'Pfäfers', 7312, 'SG'),
(1885, 'St. Margrethenberg', 7313, 'SG'),
(1886, 'Vadura', 7314, 'SG'),
(1887, 'Vättis', 7315, 'SG'),
(1888, 'Valens', 7317, 'SG'),
(1889, 'Vasön', 7317, 'SG'),
(1890, 'Murg', 8877, 'SG'),
(1891, 'Quinten', 8878, 'SG'),
(1892, 'Unterterzen', 8882, 'SG'),
(1893, 'Quarten', 8883, 'SG'),
(1894, 'Oberterzen', 8884, 'SG'),
(1895, 'Mols', 8885, 'SG'),
(1896, 'Sargans', 7320, 'SG'),
(1897, 'Wangs', 7323, 'SG'),
(1898, 'Wangs', 7323, 'SG'),
(1899, 'Vilters', 7324, 'SG'),
(1900, 'Walenstadt', 8880, 'SG'),
(1901, 'Walenstadtberg', 8881, 'SG'),
(1902, 'Tscherlach', 8881, 'SG'),
(1903, 'Berschis', 8892, 'SG'),
(1904, 'Amden', 8873, 'SG'),
(1905, 'Benken SG', 8717, 'SG'),
(1906, 'Kaltbrunn', 8722, 'SG'),
(1907, 'Schänis', 8718, 'SG'),
(1908, 'Rufi', 8723, 'SG'),
(1909, 'Maseltrangen', 8723, 'SG'),
(1910, 'Ziegelbrücke', 8866, 'SG'),
(1911, 'Weesen', 8872, 'SG'),
(1912, 'Schmerikon', 8716, 'SG'),
(1913, 'Uznach', 8730, 'SG'),
(1914, 'Rapperswil SG', 8640, 'SG'),
(1915, 'Jona', 8645, 'SG'),
(1916, 'Wagen', 8646, 'SG'),
(1917, 'Bollingen', 8715, 'SG'),
(1918, 'Ernetschwil', 8725, 'SG'),
(1919, 'Gebertingen', 8725, 'SG'),
(1920, 'Gommiswald', 8737, 'SG'),
(1921, 'Uetliburg SG', 8738, 'SG'),
(1922, 'Rieden SG', 8739, 'SG'),
(1923, 'Goldingen', 8638, 'SG'),
(1924, 'Walde SG', 8727, 'SG'),
(1925, 'Neuhaus SG', 8732, 'SG'),
(1926, 'Eschenbach SG', 8733, 'SG'),
(1927, 'Ermenswil', 8734, 'SG'),
(1928, 'St. Gallenkappel', 8735, 'SG'),
(1929, 'Rüeterswil', 8735, 'SG'),
(1930, 'Ebnat-Kappel', 9642, 'SG'),
(1931, 'Alt St. Johann', 9656, 'SG'),
(1932, 'Unterwasser', 9657, 'SG'),
(1933, 'Wildhaus', 9658, 'SG'),
(1934, 'Krummenau', 9643, 'SG'),
(1935, 'Nesslau', 9650, 'SG'),
(1936, 'Ennetbühl', 9651, 'SG'),
(1937, 'Neu St. Johann', 9652, 'SG'),
(1938, 'Stein SG', 9655, 'SG'),
(1939, 'Hemberg', 9633, 'SG'),
(1940, 'Bächli (Hemberg)', 9633, 'SG'),
(1941, 'Lichtensteig', 9620, 'SG'),
(1942, 'Oberhelfenschwil', 9621, 'SG'),
(1943, 'Hoffeld', 9114, 'SG'),
(1944, 'Dicken', 9115, 'SG'),
(1945, 'Mogelsberg', 9122, 'SG'),
(1946, 'Ebersol', 9122, 'SG'),
(1947, 'Nassen', 9123, 'SG'),
(1948, 'Brunnadern', 9125, 'SG'),
(1949, 'Necker', 9126, 'SG'),
(1950, 'St. Peterzell', 9127, 'SG'),
(1951, 'Ricken SG', 8726, 'SG'),
(1952, 'Krinau', 9622, 'SG'),
(1953, 'Wattwil', 9630, 'SG'),
(1954, 'Ulisbach', 9631, 'SG'),
(1955, 'Wil SG', 9500, 'SG'),
(1956, 'Kirchberg SG', 9533, 'SG'),
(1957, 'Dietschwil', 9533, 'SG'),
(1958, 'Gähwil', 9534, 'SG'),
(1959, 'Bazenheid', 9602, 'SG'),
(1960, 'Müselbach', 9602, 'SG'),
(1961, 'Lütisburg Station', 9601, 'SG'),
(1962, 'Lütisburg', 9604, 'SG'),
(1963, 'Unterrindal', 9604, 'SG'),
(1964, 'Mosnang', 9607, 'SG'),
(1965, 'Dreien', 9612, 'SG'),
(1966, 'Mühlrüti', 9613, 'SG'),
(1967, 'Libingen', 9614, 'SG'),
(1968, 'Bütschwil', 9606, 'SG'),
(1969, 'Ganterschwil', 9608, 'SG'),
(1970, 'Dietfurt', 9615, 'SG'),
(1971, 'Degersheim', 9113, 'SG'),
(1972, 'Wolfertswil', 9116, 'SG'),
(1973, 'Flawil', 9230, 'SG'),
(1974, 'Egg (Flawil)', 9231, 'SG'),
(1975, 'Jonschwil', 9243, 'SG'),
(1976, 'Rickenbach b. Wil', 9532, 'SG'),
(1977, 'Schwarzenbach SG', 9536, 'SG'),
(1978, 'Oberrindal', 9604, 'SG'),
(1979, 'Niederglatt SG', 9240, 'SG'),
(1980, 'Oberuzwil', 9242, 'SG'),
(1981, 'Bichwil', 9248, 'SG'),
(1982, 'Uzwil', 9240, 'SG'),
(1983, 'Niederuzwil', 9244, 'SG'),
(1984, 'Henau', 9247, 'SG'),
(1985, 'Algetshausen', 9249, 'SG'),
(1986, 'Niederstetten', 9249, 'SG'),
(1987, 'Oberstetten', 9249, 'SG'),
(1988, 'Niederbüren', 9246, 'SG'),
(1989, 'Lenggenwil', 9525, 'SG'),
(1990, 'Zuckenriet', 9526, 'SG'),
(1991, 'Niederhelfenschwil', 9527, 'SG'),
(1992, 'Niederwil SG', 9203, 'SG'),
(1993, 'Oberbüren', 9245, 'SG'),
(1994, 'Sonnental', 9245, 'SG'),
(1995, 'Züberwangen', 9523, 'SG'),
(1996, 'Zuzwil SG', 9524, 'SG'),
(1997, 'Wil SG', 9500, 'SG'),
(1998, 'Rossrüti', 9512, 'SG'),
(1999, 'Bronschhofen', 9552, 'SG'),
(2000, 'Andwil SG', 9204, 'SG'),
(2001, 'Abtwil SG', 9030, 'SG'),
(2002, 'St. Josefen', 9030, 'SG'),
(2003, 'Engelburg', 9032, 'SG'),
(2004, 'Gossau SG', 9200, 'SG'),
(2005, 'Arnegg', 9212, 'SG'),
(2006, 'Waldkirch', 9205, 'SG'),
(2007, 'Bernhardzell', 9304, 'SG'),
(2008, 'Valbella', 7077, 'GR'),
(2009, 'Lenzerheide/Lai', 7078, 'GR'),
(2010, 'Vaz/Obervaz', 7082, 'GR'),
(2011, 'Tiefencastel', 7450, 'GR'),
(2012, 'Lantsch/Lenz', 7083, 'GR'),
(2013, 'Schmitten (Albula)', 7493, 'GR'),
(2014, 'Brienz/Brinzauls GR', 7084, 'GR'),
(2015, 'Tiefencastel', 7450, 'GR'),
(2016, 'Alvaschein', 7451, 'GR'),
(2017, 'Mon', 7458, 'GR'),
(2018, 'Stierva', 7459, 'GR'),
(2019, 'Surava', 7472, 'GR'),
(2020, 'Alvaneu Bad', 7473, 'GR'),
(2021, 'Alvaneu Dorf', 7492, 'GR'),
(2022, 'Cunter', 7452, 'GR'),
(2023, 'Tinizong', 7453, 'GR'),
(2024, 'Rona', 7454, 'GR'),
(2025, 'Mulegns', 7455, 'GR'),
(2026, 'Sur', 7456, 'GR'),
(2027, 'Marmorera', 7456, 'GR'),
(2028, 'Bivio', 7457, 'GR'),
(2029, 'Savognin', 7460, 'GR'),
(2030, 'Salouf', 7462, 'GR'),
(2031, 'Riom', 7463, 'GR'),
(2032, 'Riom', 7463, 'GR'),
(2033, 'Parsonz', 7464, 'GR'),
(2034, 'Filisur', 7477, 'GR'),
(2035, 'Bergün/Bravuogn', 7482, 'GR'),
(2036, 'Preda', 7482, 'GR'),
(2037, 'Stugl/Stuls', 7482, 'GR'),
(2038, 'Latsch', 7484, 'GR'),
(2039, 'Brusio', 7743, 'GR'),
(2040, 'Campocologno', 7744, 'GR'),
(2041, 'Viano', 7747, 'GR'),
(2042, 'Campascio', 7748, 'GR'),
(2043, 'Ospizio Bernina', 7710, 'GR'),
(2044, 'Alp Grüm', 7710, 'GR'),
(2045, 'S. Carlo (Poschiavo)', 7741, 'GR'),
(2046, 'Poschiavo', 7742, 'GR'),
(2047, 'Sfazł', 7742, 'GR'),
(2048, 'La Rösa', 7742, 'GR'),
(2049, 'Miralago', 7743, 'GR'),
(2050, 'Li Curt', 7745, 'GR'),
(2051, 'Le Prese', 7746, 'GR'),
(2052, 'Falera', 7153, 'GR'),
(2053, 'Laax GR', 7031, 'GR'),
(2054, 'Laax GR 2', 7032, 'GR'),
(2055, 'Sagogn', 7152, 'GR'),
(2056, 'Schluein', 7151, 'GR'),
(2057, 'St. Martin (Lugnez)', 7116, 'GR'),
(2058, 'Vals', 7132, 'GR'),
(2059, 'Peiden', 7110, 'GR'),
(2060, 'Camuns', 7113, 'GR'),
(2061, 'Uors (Lumnezia)', 7114, 'GR'),
(2062, 'Surcasti', 7115, 'GR'),
(2063, 'Tersnaus', 7116, 'GR'),
(2064, 'Cumbel', 7142, 'GR'),
(2065, 'Morissen', 7143, 'GR'),
(2066, 'Vella', 7144, 'GR'),
(2067, 'Degen', 7145, 'GR'),
(2068, 'Vattiz', 7146, 'GR'),
(2069, 'Vignogn', 7147, 'GR'),
(2070, 'Lumbrein', 7148, 'GR'),
(2071, 'Vrin', 7149, 'GR'),
(2072, 'Pitasch', 7111, 'GR'),
(2073, 'Duvin', 7112, 'GR'),
(2074, 'Castrisch', 7126, 'GR'),
(2075, 'Sevgein', 7127, 'GR'),
(2076, 'Riein', 7128, 'GR'),
(2077, 'Ilanz', 7130, 'GR'),
(2078, 'Schnaus', 7130, 'GR'),
(2079, 'Schnaus', 7130, 'GR'),
(2080, 'Luven', 7141, 'GR'),
(2081, 'Ruschein', 7154, 'GR'),
(2082, 'Ladir', 7155, 'GR'),
(2083, 'Ladir', 7155, 'GR'),
(2084, 'Rueun', 7156, 'GR'),
(2085, 'Pigniu', 7156, 'GR'),
(2086, 'Siat', 7157, 'GR'),
(2087, 'Fürstenaubruck', 7413, 'GR'),
(2088, 'Fürstenau', 7414, 'GR'),
(2089, 'Rothenbrunnen', 7405, 'GR'),
(2090, 'Scharans', 7412, 'GR'),
(2091, 'Sils im Domleschg', 7411, 'GR'),
(2092, 'Cazis', 7408, 'GR'),
(2093, 'Summaprada', 7421, 'GR'),
(2094, 'Tartar', 7422, 'GR'),
(2095, 'Sarn', 7423, 'GR'),
(2096, 'Portein', 7423, 'GR'),
(2097, 'Präz', 7424, 'GR'),
(2098, 'Dalin', 7424, 'GR'),
(2099, 'Flerden', 7426, 'GR'),
(2100, 'Flerden', 7426, 'GR'),
(2101, 'Masein', 7425, 'GR'),
(2102, 'Thusis', 7430, 'GR'),
(2103, 'Mutten', 7431, 'GR'),
(2104, 'Obermutten', 7431, 'GR'),
(2105, 'Tschappina', 7428, 'GR'),
(2106, 'Urmein', 7427, 'GR'),
(2107, 'Versam', 7104, 'GR'),
(2108, 'Tenna', 7106, 'GR'),
(2109, 'Safien Platz', 7107, 'GR'),
(2110, 'Thalkirch', 7109, 'GR'),
(2111, 'Valendas', 7122, 'GR'),
(2112, 'Feldis/Veulden', 7404, 'GR'),
(2113, 'Trans', 7407, 'GR'),
(2114, 'Rodels', 7415, 'GR'),
(2115, 'Pratval', 7415, 'GR'),
(2116, 'Almens', 7416, 'GR'),
(2117, 'Paspels', 7417, 'GR'),
(2118, 'Tumegl/Tomils', 7418, 'GR'),
(2119, 'Scheid', 7419, 'GR'),
(2120, 'Campsut-Cröt', 7446, 'GR'),
(2121, 'Cresta (Avers)', 7447, 'GR'),
(2122, 'Am Bach (Avers)', 7447, 'GR'),
(2123, 'Juf', 7448, 'GR'),
(2124, 'Sufers', 7434, 'GR'),
(2125, 'Andeer', 7440, 'GR'),
(2126, 'Clugin', 7442, 'GR'),
(2127, 'Pignia', 7443, 'GR'),
(2128, 'Rongellen', 7430, 'GR'),
(2129, 'Zillis', 7432, 'GR'),
(2130, 'Ausserferrera', 7444, 'GR'),
(2131, 'Innerferrera', 7445, 'GR'),
(2132, 'Innerferrera', 7445, 'GR'),
(2133, 'Splügen', 7435, 'GR'),
(2134, 'Medels im Rheinwald', 7436, 'GR'),
(2135, 'Nufenen', 7437, 'GR'),
(2136, 'Hinterrhein', 7438, 'GR'),
(2137, 'Donat', 7433, 'GR'),
(2138, 'Lohn GR', 7433, 'GR'),
(2139, 'Mathon', 7433, 'GR'),
(2140, 'Wergenstein', 7433, 'GR'),
(2141, 'Bonaduz', 7402, 'GR'),
(2142, 'Domat/Ems', 7013, 'GR'),
(2143, 'Rhäzüns', 7403, 'GR'),
(2144, 'Felsberg', 7012, 'GR'),
(2145, 'Flims Dorf', 7017, 'GR'),
(2146, 'Flims Waldhaus', 7018, 'GR'),
(2147, 'Fidaz', 7019, 'GR'),
(2148, 'Tamins', 7015, 'GR'),
(2149, 'Trin', 7014, 'GR'),
(2150, 'Trin Mulin', 7016, 'GR'),
(2151, 'Brail', 7527, 'GR'),
(2152, 'Zernez', 7530, 'GR'),
(2153, 'Susch', 7542, 'GR'),
(2154, 'Lavin', 7543, 'GR'),
(2155, 'Samnaun-Compatsch', 7562, 'GR'),
(2156, 'Samnaun Dorf', 7563, 'GR'),
(2157, 'Guarda', 7545, 'GR'),
(2158, 'Ardez', 7546, 'GR'),
(2159, 'Scuol', 7550, 'GR'),
(2160, 'Ftan', 7551, 'GR'),
(2161, 'Vulpera', 7552, 'GR'),
(2162, 'Tarasp', 7553, 'GR'),
(2163, 'Sent', 7554, 'GR'),
(2164, 'Ramosch', 7556, 'GR'),
(2165, 'Ramosch', 7556, 'GR'),
(2166, 'Vną', 7557, 'GR'),
(2167, 'Strada', 7558, 'GR'),
(2168, 'Tschlin', 7559, 'GR'),
(2169, 'Martina', 7560, 'GR'),
(2170, 'Bever', 7502, 'GR'),
(2171, 'Bever', 7502, 'GR'),
(2172, 'Celerina/Schlarigna', 7505, 'GR'),
(2173, 'Madulain', 7523, 'GR'),
(2174, 'Madulain', 7523, 'GR'),
(2175, 'Pontresina', 7504, 'GR'),
(2176, 'La Punt Chamues-ch', 7522, 'GR'),
(2177, 'Samedan', 7503, 'GR'),
(2178, 'St. Moritz', 7500, 'GR'),
(2179, 'S-chanf', 7525, 'GR'),
(2180, 'Cinuos-chel', 7526, 'GR'),
(2181, 'Chapella', 7526, 'GR'),
(2182, 'Sils/Segl Maria', 7514, 'GR'),
(2183, 'Fex', 7514, 'GR'),
(2184, 'Sils/Segl Baselgia', 7515, 'GR'),
(2185, 'Plaun da Lej', 7517, 'GR'),
(2186, 'Champfčr', 7512, 'GR'),
(2187, 'Silvaplana', 7513, 'GR'),
(2188, 'Silvaplana-Surlej', 7513, 'GR'),
(2189, 'Zuoz', 7524, 'GR'),
(2190, 'Zuoz', 7524, 'GR'),
(2191, 'Maloja', 7516, 'GR'),
(2192, 'Casaccia', 7602, 'GR'),
(2193, 'Vicosoprano', 7603, 'GR'),
(2194, 'Borgonovo', 7604, 'GR'),
(2195, 'Stampa', 7605, 'GR'),
(2196, 'Promontogno', 7606, 'GR'),
(2197, 'Bondo', 7606, 'GR'),
(2198, 'Castasegna', 7608, 'GR'),
(2199, 'Soglio', 7610, 'GR'),
(2200, 'Buseno', 6542, 'GR'),
(2201, 'Castaneda', 6540, 'GR'),
(2202, 'Rossa', 6548, 'GR'),
(2203, 'Augio', 6548, 'GR'),
(2204, 'Sta. Domenica', 6548, 'GR'),
(2205, 'Sta. Maria in Calanca', 6541, 'GR'),
(2206, 'Lostallo', 6558, 'GR'),
(2207, 'Mesocco', 6563, 'GR'),
(2208, 'S. Bernardino', 6565, 'GR'),
(2209, 'Soazza', 6562, 'GR'),
(2210, 'Cama', 6557, 'GR'),
(2211, 'Grono', 6537, 'GR'),
(2212, 'Verdabbio', 6538, 'GR'),
(2213, 'Verdabbio', 6538, 'GR'),
(2214, 'Leggia', 6556, 'GR'),
(2215, 'Roveredo GR', 6535, 'GR'),
(2216, 'Laura', 6549, 'GR'),
(2217, 'S. Vittore', 6534, 'GR'),
(2218, 'S. Vittore', 6534, 'GR'),
(2219, 'Arvigo', 6543, 'GR'),
(2220, 'Braggio', 6544, 'GR'),
(2221, 'Selma', 6545, 'GR'),
(2222, 'Cauco', 6546, 'GR'),
(2223, 'Tschierv', 7532, 'GR'),
(2224, 'Fuldera', 7533, 'GR'),
(2225, 'Lü', 7534, 'GR'),
(2226, 'Valchava', 7535, 'GR'),
(2227, 'Sta. Maria Val Müstair', 7536, 'GR'),
(2228, 'Müstair', 7537, 'GR'),
(2229, 'Davos Dorf', 7260, 'GR'),
(2230, 'Davos Wolfgang', 7265, 'GR'),
(2231, 'Davos Platz', 7270, 'GR'),
(2232, 'Davos Clavadel', 7272, 'GR'),
(2233, 'Davos Frauenkirch', 7276, 'GR'),
(2234, 'Davos Glaris', 7277, 'GR'),
(2235, 'Davos Monstein', 7278, 'GR'),
(2236, 'Davos Wiesen', 7494, 'GR'),
(2237, 'Fideris', 7235, 'GR'),
(2238, 'Furna', 7232, 'GR'),
(2239, 'Pragg-Jenaz', 7231, 'GR'),
(2240, 'Jenaz', 7233, 'GR'),
(2241, 'Saas im Prättigau', 7247, 'GR'),
(2242, 'Serneus', 7249, 'GR'),
(2243, 'Klosters', 7250, 'GR'),
(2244, 'Klosters Dorf', 7252, 'GR'),
(2245, 'Conters im Prättigau', 7241, 'GR'),
(2246, 'Küblis', 7240, 'GR'),
(2247, 'Buchen im Prättigau', 7223, 'GR'),
(2248, 'Putz', 7224, 'GR'),
(2249, 'Luzein', 7242, 'GR'),
(2250, 'Pany', 7243, 'GR'),
(2251, 'Gadenstätt', 7244, 'GR'),
(2252, 'Ascharina', 7245, 'GR'),
(2253, 'St. Antönien', 7246, 'GR'),
(2254, 'Chur', 7000, 'GR'),
(2255, 'Haldenstein', 7023, 'GR'),
(2256, 'Maladers', 7026, 'GR'),
(2257, 'Passugg', 7062, 'GR'),
(2258, 'Malix', 7074, 'GR'),
(2259, 'Churwalden', 7075, 'GR'),
(2260, 'Parpan', 7076, 'GR'),
(2261, 'Castiel', 7027, 'GR'),
(2262, 'Lüen', 7027, 'GR'),
(2263, 'Calfreisen', 7027, 'GR'),
(2264, 'St. Peter', 7028, 'GR'),
(2265, 'Pagig', 7028, 'GR'),
(2266, 'Peist', 7029, 'GR'),
(2267, 'Arosa', 7050, 'GR'),
(2268, 'Molinis', 7056, 'GR'),
(2269, 'Langwies', 7057, 'GR'),
(2270, 'Litzirüti', 7058, 'GR'),
(2271, 'Praden', 7063, 'GR'),
(2272, 'Tschiertschen', 7064, 'GR'),
(2273, 'Says', 7202, 'GR'),
(2274, 'Trimmis', 7203, 'GR'),
(2275, 'Untervaz', 7204, 'GR'),
(2276, 'Zizers', 7205, 'GR'),
(2277, 'Fläsch', 7306, 'GR'),
(2278, 'Jenins', 7307, 'GR'),
(2279, 'Maienfeld', 7304, 'GR'),
(2280, 'Malans GR', 7208, 'GR'),
(2281, 'Igis', 7206, 'GR'),
(2282, 'Landquart', 7302, 'GR'),
(2283, 'Mastrils', 7303, 'GR'),
(2284, 'Valzeina', 7213, 'GR'),
(2285, 'Grüsch', 7214, 'GR'),
(2286, 'Fanas', 7215, 'GR'),
(2287, 'Schiers', 7220, 'GR'),
(2288, 'Schiers', 7220, 'GR'),
(2289, 'Lunden', 7222, 'GR'),
(2290, 'Stels', 7226, 'GR'),
(2291, 'Stels', 7226, 'GR'),
(2292, 'Fajauna', 7226, 'GR'),
(2293, 'Schuders', 7228, 'GR'),
(2294, 'Pusserein', 7228, 'GR'),
(2295, 'Seewis Dorf', 7212, 'GR'),
(2296, 'Seewis-Pardisla', 7212, 'GR'),
(2297, 'Seewis-Schmitten', 7212, 'GR'),
(2298, 'Waltensburg/Vuorz', 7158, 'GR'),
(2299, 'Andiast', 7159, 'GR'),
(2300, 'Tavanasa', 7162, 'GR'),
(2301, 'Danis', 7163, 'GR'),
(2302, 'Dardin', 7164, 'GR'),
(2303, 'Breil/Brigels', 7165, 'GR'),
(2304, 'Disentis/Mustér', 7180, 'GR'),
(2305, 'Cavardiras', 7182, 'GR'),
(2306, 'Mumpé Medel', 7183, 'GR'),
(2307, 'Segnas', 7186, 'GR'),
(2308, 'Curaglia', 7184, 'GR'),
(2309, 'Platta', 7185, 'GR'),
(2310, 'Rabius', 7172, 'GR'),
(2311, 'Surrein', 7173, 'GR'),
(2312, 'S. Benedetg', 7174, 'GR'),
(2313, 'Sumvitg', 7175, 'GR'),
(2314, 'Cumpadials', 7176, 'GR'),
(2315, 'Camischolas', 7187, 'GR'),
(2316, 'Sedrun', 7188, 'GR'),
(2317, 'Rueras', 7189, 'GR'),
(2318, 'Trun', 7166, 'GR'),
(2319, 'Zignau', 7167, 'GR'),
(2320, 'Schlans', 7168, 'GR'),
(2321, 'Obersaxen', 7134, 'GR'),
(2322, 'Flond', 7137, 'GR'),
(2323, 'Surcuolm', 7138, 'GR'),
(2324, 'Aarau', 5000, 'AG'),
(2325, 'Aarau', 5004, 'AG'),
(2326, 'Aarau Rohr', 5032, 'AG'),
(2327, 'Biberstein', 5023, 'AG'),
(2328, 'Buchs AG', 5033, 'AG'),
(2329, 'Asp', 5025, 'AG'),
(2330, 'Densbüren', 5026, 'AG'),
(2331, 'Barmelweid', 5017, 'AG'),
(2332, 'Erlinsbach', 5018, 'AG'),
(2333, 'Gränichen', 5722, 'AG'),
(2334, 'Hirschthal', 5042, 'AG'),
(2335, 'Rombach', 5022, 'AG'),
(2336, 'Küttigen', 5024, 'AG'),
(2337, 'Muhen', 5037, 'AG'),
(2338, 'Oberentfelden', 5036, 'AG'),
(2339, 'Suhr', 5034, 'AG'),
(2340, 'Unterentfelden', 5035, 'AG'),
(2341, 'Baden', 5400, 'AG'),
(2342, 'Baden', 5404, 'AG'),
(2343, 'Dättwil AG', 5405, 'AG'),
(2344, 'Rütihof', 5406, 'AG'),
(2345, 'Bellikon', 5454, 'AG'),
(2346, 'Bergdietikon', 8962, 'AG'),
(2347, 'Birmenstorf AG', 5413, 'AG'),
(2348, 'Ennetbaden', 5408, 'AG'),
(2349, 'Fislisbach', 5442, 'AG'),
(2350, 'Freienwil', 5423, 'AG'),
(2351, 'Gebenstorf', 5412, 'AG'),
(2352, 'Vogelsang AG', 5412, 'AG'),
(2353, 'Killwangen', 8956, 'AG'),
(2354, 'Künten', 5444, 'AG'),
(2355, 'Mägenwil', 5506, 'AG'),
(2356, 'Mellingen', 5507, 'AG'),
(2357, 'Neuenhof', 5432, 'AG'),
(2358, 'Niederrohrdorf', 5443, 'AG'),
(2359, 'Oberrohrdorf', 5452, 'AG'),
(2360, 'Nussbaumen AG', 5415, 'AG'),
(2361, 'Hertenstein AG', 5415, 'AG'),
(2362, 'Rieden AG', 5415, 'AG'),
(2363, 'Kirchdorf AG', 5416, 'AG'),
(2364, 'Remetschwil', 5453, 'AG'),
(2365, 'Spreitenbach', 8957, 'AG'),
(2366, 'Stetten AG', 5608, 'AG'),
(2367, 'Turgi', 5300, 'AG'),
(2368, 'Siggenthal Station', 5301, 'AG'),
(2369, 'Untersiggenthal', 5417, 'AG'),
(2370, 'Wettingen', 5430, 'AG'),
(2371, 'Wohlenschwil', 5512, 'AG'),
(2372, 'Würenlingen', 5303, 'AG'),
(2373, 'Würenlos', 5436, 'AG'),
(2374, 'Kloster Fahr', 8109, 'AG'),
(2375, 'Ehrendingen', 5420, 'AG'),
(2376, 'Arni AG', 8905, 'AG'),
(2377, 'Berikon', 8965, 'AG'),
(2378, 'Bremgarten AG', 5620, 'AG'),
(2379, 'Hermetschwil-Staffeln', 5626, 'AG'),
(2380, 'Büttikon AG', 5619, 'AG'),
(2381, 'Dottikon', 5605, 'AG'),
(2382, 'Eggenwil', 5445, 'AG'),
(2383, 'Fischbach-Göslikon', 5525, 'AG'),
(2384, 'Hägglingen', 5607, 'AG'),
(2385, 'Jonen', 8916, 'AG'),
(2386, 'Niederwil AG', 5524, 'AG'),
(2387, 'Nesselnbach', 5524, 'AG'),
(2388, 'Oberlunkhofen', 8917, 'AG'),
(2389, 'Oberwil-Lieli', 8966, 'AG'),
(2390, 'Rudolfstetten', 8964, 'AG'),
(2391, 'Sarmenstorf', 5614, 'AG'),
(2392, 'Tägerig', 5522, 'AG'),
(2393, 'Uezwil', 5619, 'AG'),
(2394, 'Unterlunkhofen', 8918, 'AG'),
(2395, 'Villmergen', 5612, 'AG'),
(2396, 'Hilfikon', 5613, 'AG'),
(2397, 'Widen', 8967, 'AG'),
(2398, 'Wohlen AG', 5610, 'AG'),
(2399, 'Anglikon', 5611, 'AG'),
(2400, 'Zufikon', 5621, 'AG'),
(2401, 'Islisberg', 8905, 'AG'),
(2402, 'Auenstein', 5105, 'AG'),
(2403, 'Birr', 5242, 'AG'),
(2404, 'Birrhard', 5244, 'AG'),
(2405, 'Bözen', 5076, 'AG'),
(2406, 'Schinznach Bad', 5116, 'AG'),
(2407, 'Brugg AG', 5200, 'AG'),
(2408, 'Umiken', 5222, 'AG'),
(2409, 'Effingen', 5078, 'AG'),
(2410, 'Elfingen', 5077, 'AG'),
(2411, 'Habsburg', 5245, 'AG'),
(2412, 'Hausen AG', 5212, 'AG'),
(2413, 'Lupfig', 5242, 'AG'),
(2414, 'Scherz', 5246, 'AG'),
(2415, 'Mandach', 5318, 'AG'),
(2416, 'Mönthal', 5237, 'AG'),
(2417, 'Mülligen', 5243, 'AG'),
(2418, 'Remigen', 5236, 'AG'),
(2419, 'Riniken', 5223, 'AG'),
(2420, 'Rüfenach AG', 5235, 'AG'),
(2421, 'Thalheim AG', 5112, 'AG'),
(2422, 'Veltheim AG', 5106, 'AG'),
(2423, 'Stilli', 5233, 'AG'),
(2424, 'Villigen', 5234, 'AG'),
(2425, 'Villnachern', 5213, 'AG'),
(2426, 'Windisch', 5210, 'AG'),
(2427, 'Bözberg', 5225, 'AG'),
(2428, 'Schinznach Dorf', 5107, 'AG'),
(2429, 'Oberflachs', 5108, 'AG'),
(2430, 'Beinwil am See', 5712, 'AG'),
(2431, 'Birrwil', 5708, 'AG'),
(2432, 'Burg AG', 5736, 'AG'),
(2433, 'Dürrenäsch', 5724, 'AG'),
(2434, 'Gontenschwil', 5728, 'AG'),
(2435, 'Holziken', 5043, 'AG'),
(2436, 'Leimbach AG', 5733, 'AG'),
(2437, 'Leutwil', 5725, 'AG'),
(2438, 'Menziken', 5737, 'AG'),
(2439, 'Oberkulm', 5727, 'AG'),
(2440, 'Reinach AG', 5734, 'AG'),
(2441, 'Schlossrued', 5044, 'AG'),
(2442, 'Schmiedrued', 5046, 'AG'),
(2443, 'Walde AG', 5046, 'AG'),
(2444, 'Schöftland', 5040, 'AG'),
(2445, 'Teufenthal AG', 5723, 'AG'),
(2446, 'Unterkulm', 5726, 'AG'),
(2447, 'Zetzwil', 5732, 'AG'),
(2448, 'Eiken', 5074, 'AG'),
(2449, 'Frick', 5070, 'AG'),
(2450, 'Gansingen', 5272, 'AG'),
(2451, 'Gipf-Oberfrick', 5073, 'AG'),
(2452, 'Herznach', 5027, 'AG'),
(2453, 'Hornussen', 5075, 'AG'),
(2454, 'Kaisten', 5082, 'AG'),
(2455, 'Ittenthal', 5083, 'AG'),
(2456, 'Laufenburg', 5080, 'AG'),
(2457, 'Rheinsulz', 5084, 'AG'),
(2458, 'Sulz AG', 5085, 'AG'),
(2459, 'Münchwilen AG', 4333, 'AG'),
(2460, 'Oberhof', 5062, 'AG'),
(2461, 'Oeschgen', 5072, 'AG'),
(2462, 'Schwaderloch', 5326, 'AG'),
(2463, 'Sisseln AG', 4334, 'AG'),
(2464, 'Ueken', 5028, 'AG'),
(2465, 'Wittnau', 5064, 'AG'),
(2466, 'Wölflinswil', 5063, 'AG'),
(2467, 'Zeihen', 5079, 'AG'),
(2468, 'Oberhofen AG', 5273, 'AG'),
(2469, 'Mettau', 5274, 'AG'),
(2470, 'Etzgen', 5275, 'AG'),
(2471, 'Wil AG', 5276, 'AG'),
(2472, 'Hottwil', 5277, 'AG'),
(2473, 'Ammerswil AG', 5600, 'AG'),
(2474, 'Boniswil', 5706, 'AG'),
(2475, 'Brunegg', 5505, 'AG'),
(2476, 'Dintikon', 5606, 'AG'),
(2477, 'Egliswil', 5704, 'AG'),
(2478, 'Fahrwangen', 5615, 'AG'),
(2479, 'Hallwil', 5705, 'AG'),
(2480, 'Hendschiken', 5604, 'AG'),
(2481, 'Holderbank AG', 5113, 'AG'),
(2482, 'Hunzenschwil', 5502, 'AG'),
(2483, 'Lenzburg', 5600, 'AG'),
(2484, 'Meisterschwanden', 5616, 'AG'),
(2485, 'Tennwil', 5617, 'AG'),
(2486, 'Wildegg', 5103, 'AG'),
(2487, 'Möriken AG', 5103, 'AG'),
(2488, 'Niederlenz', 5702, 'AG'),
(2489, 'Othmarsingen', 5504, 'AG'),
(2490, 'Rupperswil', 5102, 'AG'),
(2491, 'Schafisheim', 5503, 'AG'),
(2492, 'Seengen', 5707, 'AG'),
(2493, 'Seon', 5703, 'AG'),
(2494, 'Staufen', 5603, 'AG'),
(2495, 'Abtwil AG', 5646, 'AG'),
(2496, 'Aristau', 5628, 'AG'),
(2497, 'Auw', 5644, 'AG'),
(2498, 'Beinwil (Freiamt)', 5637, 'AG'),
(2499, 'Besenbüren', 5627, 'AG'),
(2500, 'Bettwil', 5618, 'AG'),
(2501, 'Boswil', 5623, 'AG'),
(2502, 'Bünzen', 5624, 'AG'),
(2503, 'Waldhäusern AG', 5624, 'AG'),
(2504, 'Buttwil', 5632, 'AG'),
(2505, 'Dietwil', 6042, 'AG'),
(2506, 'Geltwil', 5637, 'AG'),
(2507, 'Kallern', 5625, 'AG'),
(2508, 'Merenschwand', 5634, 'AG'),
(2509, 'Benzenschwil', 5636, 'AG'),
(2510, 'Mühlau', 5642, 'AG'),
(2511, 'Muri AG', 5630, 'AG'),
(2512, 'Oberrüti', 5647, 'AG'),
(2513, 'Rottenschwil', 8919, 'AG'),
(2514, 'Sins', 5643, 'AG'),
(2515, 'Sins', 5643, 'AG'),
(2516, 'Alikon', 5643, 'AG'),
(2517, 'Meienberg', 5643, 'AG'),
(2518, 'Aettenschwil', 5645, 'AG'),
(2519, 'Fenkrieden', 5645, 'AG'),
(2520, 'Waltenschwil', 5622, 'AG'),
(2521, 'Hellikon', 4316, 'AG'),
(2522, 'Kaiseraugst', 4303, 'AG'),
(2523, 'Magden', 4312, 'AG'),
(2524, 'Möhlin', 4313, 'AG'),
(2525, 'Mumpf', 4322, 'AG'),
(2526, 'Obermumpf', 4324, 'AG'),
(2527, 'Olsberg', 4305, 'AG'),
(2528, 'Rheinfelden', 4310, 'AG'),
(2529, 'Schupfart', 4325, 'AG'),
(2530, 'Stein AG', 4332, 'AG'),
(2531, 'Wallbach', 4323, 'AG'),
(2532, 'Wegenstetten', 4317, 'AG'),
(2533, 'Zeiningen', 4314, 'AG'),
(2534, 'Zuzgen', 4315, 'AG'),
(2535, 'Aarburg', 4663, 'AG'),
(2536, 'Bottenwil', 4814, 'AG'),
(2537, 'Brittnau', 4805, 'AG'),
(2538, 'Kirchleerau', 5054, 'AG'),
(2539, 'Kölliken', 5742, 'AG'),
(2540, 'Moosleerau', 5054, 'AG'),
(2541, 'Murgenthal', 4853, 'AG'),
(2542, 'Riken AG', 4853, 'AG'),
(2543, 'Glashütten', 4856, 'AG'),
(2544, 'Oftringen', 4665, 'AG'),
(2545, 'Attelwil', 5056, 'AG'),
(2546, 'Reitnau', 5057, 'AG'),
(2547, 'Rothrist', 4852, 'AG'),
(2548, 'Safenwil', 5745, 'AG'),
(2549, 'Staffelbach', 5053, 'AG'),
(2550, 'Wittwil', 5053, 'AG'),
(2551, 'Strengelbach', 4802, 'AG'),
(2552, 'Uerkheim', 4813, 'AG'),
(2553, 'Vordemwald', 4803, 'AG'),
(2554, 'Wiliberg', 5058, 'AG'),
(2555, 'Zofingen', 4800, 'AG'),
(2556, 'Mühlethal', 4812, 'AG'),
(2557, 'Baldingen', 5333, 'AG'),
(2558, 'Böbikon', 5334, 'AG'),
(2559, 'Kleindöttingen', 5314, 'AG'),
(2560, 'Böttstein', 5315, 'AG'),
(2561, 'Döttingen', 5312, 'AG'),
(2562, 'Endingen', 5304, 'AG'),
(2563, 'Unterendingen', 5305, 'AG'),
(2564, 'Fisibach', 5467, 'AG'),
(2565, 'Full-Reuenthal', 5324, 'AG'),
(2566, 'Kaiserstuhl AG', 5466, 'AG'),
(2567, 'Klingnau', 5313, 'AG'),
(2568, 'Koblenz', 5322, 'AG'),
(2569, 'Leibstadt', 5325, 'AG'),
(2570, 'Lengnau AG', 5426, 'AG'),
(2571, 'Leuggern', 5316, 'AG'),
(2572, 'Hettenschwil', 5317, 'AG'),
(2573, 'Mellikon', 5465, 'AG'),
(2574, 'Rekingen AG', 5332, 'AG'),
(2575, 'Rietheim', 5323, 'AG'),
(2576, 'Rümikon AG', 5464, 'AG'),
(2577, 'Schneisingen', 5425, 'AG'),
(2578, 'Siglistorf', 5462, 'AG'),
(2579, 'Tegerfelden', 5306, 'AG'),
(2580, 'Wislikofen', 5463, 'AG'),
(2581, 'Bad Zurzach', 5330, 'AG'),
(2582, 'Arbon', 9320, 'TG'),
(2583, 'Frasnacht', 9320, 'TG'),
(2584, 'Stachen', 9320, 'TG'),
(2585, 'Dozwil', 8582, 'TG'),
(2586, 'Steinebrunn', 9314, 'TG'),
(2587, 'Neukirch (Egnach)', 9315, 'TG'),
(2588, 'Winden', 9315, 'TG'),
(2589, 'Egnach', 9322, 'TG'),
(2590, 'Hefenhofen', 8580, 'TG'),
(2591, 'Horn', 9326, 'TG'),
(2592, 'Kesswil', 8593, 'TG'),
(2593, 'Freidorf TG', 9306, 'TG'),
(2594, 'Roggwil TG', 9325, 'TG'),
(2595, 'Romanshorn', 8590, 'TG'),
(2596, 'Salmsach', 8599, 'TG'),
(2597, 'Sommeri', 8580, 'TG'),
(2598, 'Uttwil', 8592, 'TG'),
(2599, 'Amriswil', 8580, 'TG'),
(2600, 'Hagenwil b. Amriswil', 8580, 'TG'),
(2601, 'Biessenhofen', 8580, 'TG'),
(2602, 'Schocherswil', 8581, 'TG'),
(2603, 'Oberaach', 8587, 'TG'),
(2604, 'Bischofszell', 9220, 'TG'),
(2605, 'Schweizersholz', 9223, 'TG'),
(2606, 'Halden', 9223, 'TG'),
(2607, 'Erlen', 8586, 'TG'),
(2608, 'Kümmertshausen', 8586, 'TG'),
(2609, 'Riedt b. Erlen', 8586, 'TG'),
(2610, 'Buchackern', 8586, 'TG'),
(2611, 'Engishofen', 8586, 'TG'),
(2612, 'Ennetaach', 8586, 'TG'),
(2613, 'Hauptwil', 9213, 'TG'),
(2614, 'Wilen (Gottshaus)', 9225, 'TG'),
(2615, 'St. Pelagiberg', 9225, 'TG'),
(2616, 'Heldswil', 9216, 'TG'),
(2617, 'Hohentannen', 9216, 'TG'),
(2618, 'Kradolf', 9214, 'TG'),
(2619, 'Schönenberg an der Thur', 9215, 'TG'),
(2620, 'Buhwil', 9215, 'TG'),
(2621, 'Neukirch an der Thur', 9217, 'TG'),
(2622, 'Sulgen', 8583, 'TG'),
(2623, 'Götighofen', 8583, 'TG'),
(2624, 'Donzhausen', 8583, 'TG'),
(2625, 'Zihlschlacht', 8588, 'TG'),
(2626, 'Sitterdorf', 8589, 'TG'),
(2627, 'Basadingen', 8254, 'TG'),
(2628, 'Schlattingen', 8255, 'TG'),
(2629, 'Diessenhofen', 8253, 'TG'),
(2630, 'Willisdorf', 8253, 'TG'),
(2631, 'Schlatt TG', 8252, 'TG'),
(2632, 'Aadorf', 8355, 'TG'),
(2633, 'Ettenhausen TG', 8356, 'TG'),
(2634, 'Guntershausen b. Aadorf', 8357, 'TG'),
(2635, 'Häuslenen', 8522, 'TG'),
(2636, 'Aawangen', 8522, 'TG'),
(2637, 'Wittenwil', 9547, 'TG'),
(2638, 'Felben-Wellhausen', 8552, 'TG'),
(2639, 'Frauenfeld', 8500, 'TG'),
(2640, 'Gerlikon', 8500, 'TG'),
(2641, 'Islikon', 8546, 'TG'),
(2642, 'Kefikon TG', 8546, 'TG'),
(2643, 'Gachnang', 8547, 'TG'),
(2644, 'Harenwilen', 8553, 'TG'),
(2645, 'Mettendorf TG', 8553, 'TG'),
(2646, 'Hüttlingen', 8553, 'TG'),
(2647, 'Eschikofen', 8553, 'TG'),
(2648, 'Matzingen', 9548, 'TG'),
(2649, 'Niederneunforn', 8525, 'TG'),
(2650, 'Oberneunforn', 8526, 'TG'),
(2651, 'Stettfurt', 9507, 'TG'),
(2652, 'Thundorf', 8512, 'TG'),
(2653, 'Lustdorf', 8512, 'TG'),
(2654, 'Wetzikon TG', 8512, 'TG'),
(2655, 'Uesslingen', 8524, 'TG'),
(2656, 'Buch b. Frauenfeld', 8524, 'TG'),
(2657, 'Warth', 8532, 'TG'),
(2658, 'Weiningen TG', 8532, 'TG'),
(2659, 'Altnau', 8595, 'TG'),
(2660, 'Bottighofen', 8598, 'TG'),
(2661, 'Ermatingen', 8272, 'TG'),
(2662, 'Triboltingen', 8273, 'TG'),
(2663, 'Gottlieben', 8274, 'TG'),
(2664, 'Güttingen', 8594, 'TG'),
(2665, 'Hugelshofen', 8565, 'TG'),
(2666, 'Neuwilen', 8566, 'TG'),
(2667, 'Dotnacht', 8566, 'TG'),
(2668, 'Ellighausen', 8566, 'TG'),
(2669, 'Lippoldswilen', 8566, 'TG'),
(2670, 'Siegershausen', 8573, 'TG'),
(2671, 'Alterswilen', 8573, 'TG'),
(2672, 'Altishausen', 8573, 'TG'),
(2673, 'Kreuzlingen', 8280, 'TG'),
(2674, 'Langrickenbach', 8585, 'TG'),
(2675, 'Zuben', 8585, 'TG'),
(2676, 'Schönenbaumgarten', 8585, 'TG'),
(2677, 'Herrenhof', 8585, 'TG'),
(2678, 'Illighausen', 8574, 'TG'),
(2679, 'Oberhofen TG', 8574, 'TG'),
(2680, 'Lengwil', 8574, 'TG'),
(2681, 'Lengwil', 8574, 'TG'),
(2682, 'Dettighofen (Lengwil)', 8574, 'TG'),
(2683, 'Scherzingen', 8596, 'TG'),
(2684, 'Münsterlingen', 8596, 'TG'),
(2685, 'Landschlacht', 8597, 'TG'),
(2686, 'Tägerwilen', 8274, 'TG'),
(2687, 'Hefenhausen', 8564, 'TG'),
(2688, 'Engwilen', 8564, 'TG'),
(2689, 'Sonterswil', 8564, 'TG'),
(2690, 'Wäldi', 8564, 'TG'),
(2691, 'Lipperswil', 8564, 'TG'),
(2692, 'Hattenhausen', 8564, 'TG'),
(2693, 'Gunterswilen', 8564, 'TG'),
(2694, 'Affeltrangen', 9556, 'TG'),
(2695, 'Zezikon', 9556, 'TG'),
(2696, 'Märwil', 9562, 'TG'),
(2697, 'Buch b. Märwil', 9562, 'TG'),
(2698, 'Bettwiesen', 9553, 'TG'),
(2699, 'Balterswil', 8362, 'TG'),
(2700, 'Bichelsee', 8363, 'TG'),
(2701, 'Braunau', 9502, 'TG'),
(2702, 'Eschlikon TG', 8360, 'TG'),
(2703, 'Wallenwil', 8360, 'TG'),
(2704, 'Dussnang', 8374, 'TG'),
(2705, 'Oberwangen TG', 8374, 'TG'),
(2706, 'Fischingen', 8376, 'TG'),
(2707, 'Au TG', 8376, 'TG'),
(2708, 'Lommis', 9506, 'TG'),
(2709, 'Weingarten-Kalthäusern', 9508, 'TG'),
(2710, 'Münchwilen TG', 9542, 'TG'),
(2711, 'St. Margarethen TG', 9543, 'TG'),
(2712, 'Rickenbach b. Wil', 9532, 'TG'),
(2713, 'Schönholzerswilen', 8577, 'TG'),
(2714, 'Sirnach', 8370, 'TG'),
(2715, 'Busswil TG', 8371, 'TG'),
(2716, 'Wiezikon b. Sirnach', 8372, 'TG'),
(2717, 'Littenheid', 9573, 'TG'),
(2718, 'Tägerschen', 9554, 'TG'),
(2719, 'Tobel', 9555, 'TG'),
(2720, 'Wängi', 9545, 'TG'),
(2721, 'Tuttwil', 9546, 'TG'),
(2722, 'Wilen b. Wil', 9535, 'TG'),
(2723, 'Wuppenau', 9514, 'TG'),
(2724, 'Hosenruck', 9515, 'TG'),
(2725, 'Berlingen', 8267, 'TG'),
(2726, 'Eschenz', 8264, 'TG'),
(2727, 'Lanzenneunforn', 8506, 'TG'),
(2728, 'Herdern', 8535, 'TG'),
(2729, 'Hörhausen', 8507, 'TG'),
(2730, 'Homburg', 8508, 'TG'),
(2731, 'Hüttwilen', 8536, 'TG'),
(2732, 'Nussbaumen TG', 8537, 'TG'),
(2733, 'Uerschhausen', 8537, 'TG'),
(2734, 'Mammern', 8265, 'TG'),
(2735, 'Müllheim Dorf', 8555, 'TG'),
(2736, 'Pfyn', 8505, 'TG'),
(2737, 'Dettighofen', 8505, 'TG'),
(2738, 'Raperswilen', 8558, 'TG'),
(2739, 'Mannenbach-Salenstein', 8268, 'TG'),
(2740, 'Salenstein', 8268, 'TG'),
(2741, 'Fruthwilen', 8269, 'TG'),
(2742, 'Steckborn', 8266, 'TG'),
(2743, 'Kaltenbach', 8259, 'TG'),
(2744, 'Etzwilen', 8259, 'TG'),
(2745, 'Rheinklingen', 8259, 'TG'),
(2746, 'Wagenhausen', 8259, 'TG'),
(2747, 'Amlikon-Bissegg', 8514, 'TG'),
(2748, 'Berg TG', 8572, 'TG'),
(2749, 'Berg TG', 8572, 'TG'),
(2750, 'Andhausen', 8572, 'TG'),
(2751, 'Graltshausen', 8572, 'TG'),
(2752, 'Guntershausen b. Berg', 8572, 'TG'),
(2753, 'Mauren TG', 8576, 'TG'),
(2754, 'Mattwil', 8585, 'TG'),
(2755, 'Happerswil', 8585, 'TG'),
(2756, 'Birwinken', 8585, 'TG'),
(2757, 'Klarsreuti', 8585, 'TG'),
(2758, 'Andwil TG', 8586, 'TG'),
(2759, 'Buch b. Kümmertshausen', 8586, 'TG'),
(2760, 'Bürglen TG', 8575, 'TG'),
(2761, 'Istighofen', 8575, 'TG'),
(2762, 'Leimbach TG', 8584, 'TG'),
(2763, 'Opfershofen TG', 8584, 'TG'),
(2764, 'Stehrenberg', 9503, 'TG'),
(2765, 'Lanterswil', 9503, 'TG'),
(2766, 'Friltschen', 9504, 'TG'),
(2767, 'Mettlen', 9517, 'TG'),
(2768, 'Bussnang', 9565, 'TG'),
(2769, 'Oberbussnang', 9565, 'TG'),
(2770, 'Oppikon', 9565, 'TG'),
(2771, 'Schmidshof', 9565, 'TG'),
(2772, 'Rothenhausen', 9565, 'TG'),
(2773, 'Märstetten', 8560, 'TG'),
(2774, 'Ottoberg', 8561, 'TG'),
(2775, 'Weinfelden', 8570, 'TG'),
(2776, 'Müllheim-Wigoltingen', 8554, 'TG'),
(2777, 'Bonau', 8554, 'TG'),
(2778, 'Wigoltingen', 8556, 'TG'),
(2779, 'Engwang', 8556, 'TG'),
(2780, 'Illhart', 8556, 'TG'),
(2781, 'Lamperswil TG', 8556, 'TG'),
(2782, 'Wagerswil', 8564, 'TG'),
(2783, 'Arbedo', 6517, 'TI'),
(2784, 'Castione', 6532, 'TI'),
(2785, 'Bellinzona', 6500, 'TI'),
(2786, 'Bellinzona', 6503, 'TI'),
(2787, 'Giubiasco', 6512, 'TI'),
(2788, 'Monte Carasso', 6513, 'TI'),
(2789, 'Sementina', 6514, 'TI'),
(2790, 'Gudo', 6515, 'TI'),
(2791, 'Gorduno', 6518, 'TI'),
(2792, 'Preonzo', 6523, 'TI'),
(2793, 'Moleno', 6524, 'TI'),
(2794, 'Gnosca', 6525, 'TI'),
(2795, 'Camorino', 6528, 'TI'),
(2796, 'Pianezzo', 6582, 'TI'),
(2797, 'S. Antonio (Val Morobbia)', 6583, 'TI'),
(2798, 'Carena', 6584, 'TI'),
(2799, 'Claro', 6702, 'TI'),
(2800, 'Cadenazzo', 6593, 'TI'),
(2801, 'Robasacco', 6599, 'TI'),
(2802, 'Isone', 6810, 'TI'),
(2803, 'Lumino', 6533, 'TI'),
(2804, 'S. Antonino', 6592, 'TI'),
(2805, 'Dongio', 6715, 'TI'),
(2806, 'Acquarossa', 6716, 'TI'),
(2807, 'Leontica', 6716, 'TI'),
(2808, 'Lottigna', 6716, 'TI'),
(2809, 'Motto (Blenio)', 6721, 'TI'),
(2810, 'Corzoneso', 6722, 'TI'),
(2811, 'Prugiasco', 6723, 'TI'),
(2812, 'Castro', 6723, 'TI'),
(2813, 'Marolta', 6723, 'TI'),
(2814, 'Ponto Valentino', 6724, 'TI'),
(2815, 'Largario', 6724, 'TI'),
(2816, 'Dangio', 6717, 'TI'),
(2817, 'Torre', 6717, 'TI'),
(2818, 'Olivone', 6718, 'TI'),
(2819, 'Camperio', 6718, 'TI'),
(2820, 'Aquila', 6719, 'TI'),
(2821, 'Aquila', 6719, 'TI'),
(2822, 'Campo (Blenio)', 6720, 'TI'),
(2823, 'Ghirone', 6720, 'TI'),
(2824, 'Malvaglia', 6713, 'TI'),
(2825, 'Semione', 6714, 'TI'),
(2826, 'Ludiano', 6721, 'TI'),
(2827, 'Airolo', 6780, 'TI'),
(2828, 'Madrano', 6780, 'TI'),
(2829, 'Villa Bedretto', 6781, 'TI'),
(2830, 'Bedretto', 6781, 'TI'),
(2831, 'Bodio TI', 6743, 'TI'),
(2832, 'Dalpe', 6774, 'TI'),
(2833, 'Lavorgo', 6746, 'TI'),
(2834, 'Calonico', 6746, 'TI'),
(2835, 'Nivo', 6746, 'TI'),
(2836, 'Chironico', 6747, 'TI'),
(2837, 'Anzonico', 6748, 'TI'),
(2838, 'Sobrio', 6749, 'TI'),
(2839, 'Cavagnago', 6749, 'TI'),
(2840, 'Faido', 6760, 'TI'),
(2841, 'Molare', 6760, 'TI'),
(2842, 'Calpiogna', 6760, 'TI'),
(2843, 'Campello', 6760, 'TI'),
(2844, 'Carģ', 6760, 'TI'),
(2845, 'Rossura', 6760, 'TI'),
(2846, 'Osco', 6763, 'TI'),
(2847, 'Mairengo', 6763, 'TI'),
(2848, 'Chiggiogna', 6764, 'TI'),
(2849, 'Chiggiogna', 6764, 'TI'),
(2850, 'Giornico', 6745, 'TI'),
(2851, 'Personico', 6744, 'TI'),
(2852, 'Pollegio', 6742, 'TI'),
(2853, 'Rodi-Fiesso', 6772, 'TI'),
(2854, 'Prato (Leventina)', 6773, 'TI'),
(2855, 'Ambrģ', 6775, 'TI'),
(2856, 'Piotta', 6776, 'TI'),
(2857, 'Quinto', 6777, 'TI'),
(2858, 'Varenzo', 6777, 'TI'),
(2859, 'Ascona', 6612, 'TI'),
(2860, 'Brione sopra Minusio', 6645, 'TI'),
(2861, 'Brissago', 6614, 'TI'),
(2862, 'Isole di Brissago', 6614, 'TI'),
(2863, 'Gordola', 6596, 'TI'),
(2864, 'Riazzino', 6595, 'TI'),
(2865, 'Locarno', 6600, 'TI'),
(2866, 'Locarno', 6600, 'TI'),
(2867, 'Solduno', 6600, 'TI'),
(2868, 'Locarno', 6605, 'TI'),
(2869, 'Losone', 6616, 'TI'),
(2870, 'Arcegno', 6618, 'TI'),
(2871, 'Mergoscia', 6647, 'TI'),
(2872, 'Minusio', 6648, 'TI'),
(2873, 'Muralto', 6600, 'TI'),
(2874, 'Orselina', 6644, 'TI'),
(2875, 'Porto Ronco', 6613, 'TI'),
(2876, 'Ronco sopra Ascona', 6622, 'TI'),
(2877, 'Tenero', 6598, 'TI'),
(2878, 'Contra', 6646, 'TI'),
(2879, 'Mosogno', 6611, 'TI'),
(2880, 'Gresso', 6611, 'TI'),
(2881, 'Crana', 6611, 'TI'),
(2882, 'Loco', 6661, 'TI'),
(2883, 'Auressio', 6661, 'TI'),
(2884, 'Berzona', 6661, 'TI'),
(2885, 'Russo', 6662, 'TI'),
(2886, 'Comologno', 6663, 'TI'),
(2887, 'Spruga', 6663, 'TI'),
(2888, 'Vergeletto', 6664, 'TI'),
(2889, 'Cugnasco', 6516, 'TI'),
(2890, 'Agarone', 6597, 'TI'),
(2891, 'Agno', 6982, 'TI'),
(2892, 'Cassina d\'Agno', 6990, 'TI'),
(2893, 'Aranno', 6994, 'TI'),
(2894, 'Arogno', 6822, 'TI'),
(2895, 'Pugerna', 6823, 'TI'),
(2896, 'Astano', 6999, 'TI'),
(2897, 'Bedano', 6930, 'TI'),
(2898, 'Bedigliora', 6981, 'TI'),
(2899, 'Bedigliora', 6981, 'TI'),
(2900, 'Banco', 6981, 'TI'),
(2901, 'Beride di Bedigliora', 6981, 'TI'),
(2902, 'Bioggio', 6934, 'TI'),
(2903, 'Bosco Luganese', 6935, 'TI'),
(2904, 'Cimo', 6992, 'TI'),
(2905, 'Iseo', 6993, 'TI'),
(2906, 'Bissone', 6816, 'TI'),
(2907, 'Brusino Arsizio', 6827, 'TI'),
(2908, 'Serpiano', 6867, 'TI'),
(2909, 'Cademario', 6936, 'TI'),
(2910, 'Cadempino', 6814, 'TI'),
(2911, 'Canobbio', 6952, 'TI'),
(2912, 'Caslano', 6987, 'TI'),
(2913, 'Comano', 6949, 'TI'),
(2914, 'Castelrotto', 6980, 'TI'),
(2915, 'Purasca', 6989, 'TI'),
(2916, 'Madonna del Piano', 6995, 'TI'),
(2917, 'Cureglia', 6944, 'TI'),
(2918, 'Bombinasco', 6981, 'TI'),
(2919, 'Curio', 6986, 'TI'),
(2920, 'Grancia', 6916, 'TI'),
(2921, 'Gravesano', 6929, 'TI'),
(2922, 'Lamone', 6814, 'TI'),
(2923, 'Lugano', 6900, 'TI'),
(2924, 'Pazzallo', 6912, 'TI'),
(2925, 'Carabbia', 6913, 'TI'),
(2926, 'Carona', 6914, 'TI'),
(2927, 'Pambio-Noranco', 6915, 'TI'),
(2928, 'Barbengo', 6917, 'TI'),
(2929, 'Figino', 6918, 'TI'),
(2930, 'Breganzona', 6932, 'TI'),
(2931, 'Insone', 6951, 'TI'),
(2932, 'Scareglia', 6951, 'TI'),
(2933, 'Colla', 6951, 'TI'),
(2934, 'Bogno', 6951, 'TI'),
(2935, 'Cozzo', 6951, 'TI'),
(2936, 'Signōra', 6951, 'TI'),
(2937, 'Maglio di Colla', 6959, 'TI'),
(2938, 'Certara', 6959, 'TI'),
(2939, 'Curtina', 6959, 'TI'),
(2940, 'Cimadera', 6959, 'TI'),
(2941, 'Piandera Paese', 6959, 'TI'),
(2942, 'Piandera Paese', 6959, 'TI'),
(2943, 'Viganello', 6962, 'TI'),
(2944, 'Pregassona', 6963, 'TI'),
(2945, 'Cureggia', 6963, 'TI'),
(2946, 'Davesco-Soragno', 6964, 'TI'),
(2947, 'Cadro', 6965, 'TI'),
(2948, 'Villa Luganese', 6966, 'TI'),
(2949, 'Dino', 6967, 'TI'),
(2950, 'Sonvico', 6968, 'TI'),
(2951, 'Aldesago', 6974, 'TI'),
(2952, 'Castagnola', 6976, 'TI'),
(2953, 'Ruvigliana', 6977, 'TI'),
(2954, 'Gandria', 6978, 'TI'),
(2955, 'Brč sopra Lugano', 6979, 'TI'),
(2956, 'Magliaso', 6983, 'TI'),
(2957, 'Manno', 6928, 'TI'),
(2958, 'Maroggia', 6817, 'TI'),
(2959, 'Massagno', 6900, 'TI'),
(2960, 'Melano', 6818, 'TI'),
(2961, 'Melide', 6815, 'TI'),
(2962, 'Mezzovico', 6805, 'TI'),
(2963, 'Mezzovico', 6805, 'TI'),
(2964, 'Miglieglia', 6986, 'TI'),
(2965, 'Monteggio', 6998, 'TI'),
(2966, 'Morcote', 6922, 'TI'),
(2967, 'Muzzano', 6933, 'TI'),
(2968, 'Neggio', 6991, 'TI'),
(2969, 'Novaggio', 6986, 'TI'),
(2970, 'Origlio', 6945, 'TI'),
(2971, 'Paradiso', 6900, 'TI'),
(2972, 'Ponte Capriasca', 6946, 'TI'),
(2973, 'Ponte Capriasca', 6946, 'TI'),
(2974, 'Ponte Tresa', 6988, 'TI'),
(2975, 'Porza', 6948, 'TI'),
(2976, 'Pura', 6984, 'TI'),
(2977, 'Rovio', 6821, 'TI'),
(2978, 'Capolago', 6825, 'TI'),
(2979, 'Savosa', 6942, 'TI'),
(2980, 'Sessa', 6997, 'TI'),
(2981, 'Sorengo', 6924, 'TI'),
(2982, 'Taverne', 6807, 'TI'),
(2983, 'Vaglio', 6947, 'TI'),
(2984, 'Tesserete', 6950, 'TI'),
(2985, 'Lugaggia', 6953, 'TI'),
(2986, 'Sala Capriasca', 6954, 'TI'),
(2987, 'Bigorio', 6954, 'TI'),
(2988, 'Cagiallo', 6955, 'TI'),
(2989, 'Oggio', 6955, 'TI'),
(2990, 'Lopagno', 6956, 'TI'),
(2991, 'Roveredo TI', 6957, 'TI'),
(2992, 'Bidogno', 6958, 'TI'),
(2993, 'Corticiasca', 6958, 'TI'),
(2994, 'Corticiasca', 6958, 'TI'),
(2995, 'Odogno', 6960, 'TI'),
(2996, 'Taverne', 6807, 'TI'),
(2997, 'Torricella', 6808, 'TI'),
(2998, 'Vernate', 6992, 'TI'),
(2999, 'Vezia', 6943, 'TI'),
(3000, 'Vico Morcote', 6921, 'TI'),
(3001, 'Carabietta', 6919, 'TI'),
(3002, 'Gentilino', 6925, 'TI'),
(3003, 'Montagnola', 6926, 'TI'),
(3004, 'Agra', 6927, 'TI'),
(3005, 'Breno', 6937, 'TI'),
(3006, 'Vezio', 6938, 'TI'),
(3007, 'Fescoggia', 6938, 'TI'),
(3008, 'Mugena', 6939, 'TI'),
(3009, 'Arosio', 6939, 'TI'),
(3010, 'Rivera', 6802, 'TI'),
(3011, 'Camignolo', 6803, 'TI'),
(3012, 'Bironico', 6804, 'TI'),
(3013, 'Sigirino', 6806, 'TI'),
(3014, 'Medeglia', 6809, 'TI'),
(3015, 'Balerna', 6828, 'TI'),
(3016, 'Corteglia', 6873, 'TI'),
(3017, 'Castel San Pietro', 6874, 'TI'),
(3018, 'Monte', 6875, 'TI'),
(3019, 'Casima', 6875, 'TI'),
(3020, 'Campora', 6875, 'TI'),
(3021, 'Chiasso', 6830, 'TI'),
(3022, 'Pedrinate', 6832, 'TI'),
(3023, 'Seseglio', 6832, 'TI'),
(3024, 'Coldrerio', 6877, 'TI'),
(3025, 'Capolago', 6825, 'TI'),
(3026, 'Mendrisio', 6850, 'TI'),
(3027, 'Genestrerio', 6852, 'TI'),
(3028, 'Ligornetto', 6853, 'TI'),
(3029, 'Rancate', 6862, 'TI'),
(3030, 'Besazio', 6863, 'TI'),
(3031, 'Arzo', 6864, 'TI'),
(3032, 'Tremona', 6865, 'TI'),
(3033, 'Meride', 6866, 'TI'),
(3034, 'Salorino', 6872, 'TI'),
(3035, 'Somazzo', 6872, 'TI'),
(3036, 'Morbio Inferiore', 6834, 'TI'),
(3037, 'Novazzano', 6883, 'TI'),
(3038, 'Riva San Vitale', 6826, 'TI'),
(3039, 'S. Pietro', 6854, 'TI'),
(3040, 'Stabio', 6855, 'TI'),
(3041, 'Vacallo', 6833, 'TI'),
(3042, 'Morbio Superiore', 6835, 'TI'),
(3043, 'Caneggio', 6837, 'TI'),
(3044, 'Bruzella', 6837, 'TI'),
(3045, 'Muggio', 6838, 'TI'),
(3046, 'Cabbio', 6838, 'TI'),
(3047, 'Scudellate', 6838, 'TI'),
(3048, 'Sagno', 6839, 'TI'),
(3049, 'Biasca', 6710, 'TI'),
(3050, 'Prosito', 6526, 'TI'),
(3051, 'Lodrino', 6527, 'TI'),
(3052, 'Osogna', 6703, 'TI'),
(3053, 'Cresciano', 6705, 'TI'),
(3054, 'Iragna', 6707, 'TI'),
(3055, 'Bosco/Gurin', 6685, 'TI'),
(3056, 'Niva (Vallemaggia)', 6683, 'TI'),
(3057, 'Campo (Vallemaggia)', 6684, 'TI'),
(3058, 'Cimalmotto', 6684, 'TI'),
(3059, 'Cerentino', 6683, 'TI'),
(3060, 'Cevio', 6675, 'TI'),
(3061, 'Bignasco', 6676, 'TI'),
(3062, 'Cavergno', 6690, 'TI'),
(3063, 'S. Carlo (Val Bavona)', 6690, 'TI'),
(3064, 'Linescio', 6682, 'TI'),
(3065, 'Maggia', 6673, 'TI'),
(3066, 'Someo', 6674, 'TI'),
(3067, 'Riveo', 6674, 'TI'),
(3068, 'Aurigeno', 6677, 'TI'),
(3069, 'Moghegno', 6677, 'TI'),
(3070, 'Giumaglio', 6678, 'TI'),
(3071, 'Lodano', 6678, 'TI'),
(3072, 'Coglio', 6678, 'TI'),
(3073, 'Menzonio', 6692, 'TI'),
(3074, 'Brontallo', 6692, 'TI'),
(3075, 'Broglio', 6693, 'TI'),
(3076, 'Prato-Sornico', 6694, 'TI'),
(3077, 'Peccia', 6695, 'TI'),
(3078, 'Piano di Peccia', 6695, 'TI'),
(3079, 'Fusio', 6696, 'TI'),
(3080, 'Avegno', 6670, 'TI'),
(3081, 'Gordevio', 6672, 'TI'),
(3082, 'Medeglia', 6809, 'TI'),
(3083, 'Tegna', 6652, 'TI'),
(3084, 'Verscio', 6653, 'TI'),
(3085, 'Cavigliano', 6654, 'TI'),
(3086, 'Intragna', 6655, 'TI'),
(3087, 'Verdasio', 6655, 'TI'),
(3088, 'Rasa', 6655, 'TI'),
(3089, 'Golino', 6656, 'TI'),
(3090, 'Palagnedra', 6657, 'TI'),
(3091, 'Borgnone', 6658, 'TI'),
(3092, 'Camedo', 6659, 'TI'),
(3093, 'Moneto', 6659, 'TI'),
(3094, 'Indemini', 6571, 'TI'),
(3095, 'Quartino', 6572, 'TI'),
(3096, 'Magadino', 6573, 'TI'),
(3097, 'Vira (Gambarogno)', 6574, 'TI'),
(3098, 'S. Nazzaro', 6575, 'TI'),
(3099, 'Vairano', 6575, 'TI'),
(3100, 'Gerra (Gambarogno)', 6576, 'TI'),
(3101, 'Ranzo', 6577, 'TI'),
(3102, 'Caviano', 6578, 'TI'),
(3103, 'Piazzogna', 6579, 'TI'),
(3104, 'Contone', 6594, 'TI'),
(3105, 'Corippo', 6631, 'TI'),
(3106, 'Vogorno', 6632, 'TI'),
(3107, 'Lavertezzo', 6633, 'TI'),
(3108, 'Brione (Verzasca)', 6634, 'TI'),
(3109, 'Gerra (Verzasca)', 6635, 'TI'),
(3110, 'Frasco', 6636, 'TI'),
(3111, 'Sonogno', 6637, 'TI'),
(3112, 'Aigle', 1860, 'VD'),
(3113, 'Bex', 1880, 'VD'),
(3114, 'Freničres-sur-Bex', 1880, 'VD'),
(3115, 'Fenalet-sur-Bex', 1880, 'VD'),
(3116, 'Les Plans-sur-Bex', 1880, 'VD'),
(3117, 'Les Posses-sur-Bex', 1880, 'VD'),
(3118, 'Chessel', 1846, 'VD'),
(3119, 'Corbeyrier', 1856, 'VD'),
(3120, 'Gryon', 1882, 'VD'),
(3121, 'Lavey-Village', 1892, 'VD'),
(3122, 'Lavey-les-Bains', 1892, 'VD'),
(3123, 'Morcles', 1892, 'VD'),
(3124, 'Leysin', 1854, 'VD'),
(3125, 'Noville', 1845, 'VD'),
(3126, 'Ollon VD', 1867, 'VD'),
(3127, 'St-Triphon', 1867, 'VD'),
(3128, 'Panex', 1867, 'VD'),
(3129, 'Villars-sur-Ollon', 1884, 'VD'),
(3130, 'Arveyes', 1884, 'VD'),
(3131, 'Huémoz', 1884, 'VD'),
(3132, 'Chesičres', 1885, 'VD'),
(3133, 'Les Mosses', 1862, 'VD'),
(3134, 'La Comballaz', 1862, 'VD'),
(3135, 'Le Sépey', 1863, 'VD'),
(3136, 'La Forclaz VD', 1866, 'VD'),
(3137, 'Vers-l\'Eglise', 1864, 'VD'),
(3138, 'Les Diablerets', 1865, 'VD'),
(3139, 'Rennaz', 1847, 'VD'),
(3140, 'Roche VD', 1852, 'VD'),
(3141, 'Villeneuve VD', 1844, 'VD'),
(3142, 'Yvorne', 1853, 'VD'),
(3143, 'Apples', 1143, 'VD'),
(3144, 'Aubonne', 1170, 'VD'),
(3145, 'Montherod', 1174, 'VD'),
(3146, 'Pizy', 1174, 'VD'),
(3147, 'Ballens', 1144, 'VD'),
(3148, 'Berolle', 1149, 'VD'),
(3149, 'Bičre', 1145, 'VD'),
(3150, 'Bougy-Villars', 1172, 'VD'),
(3151, 'Féchy', 1173, 'VD'),
(3152, 'Gimel', 1188, 'VD'),
(3153, 'Longirod', 1261, 'VD'),
(3154, 'Marchissy', 1261, 'VD'),
(3155, 'Mollens VD', 1146, 'VD'),
(3156, 'St-George', 1188, 'VD'),
(3157, 'St-Livres', 1176, 'VD'),
(3158, 'St-Oyens', 1187, 'VD'),
(3159, 'Saubraz', 1189, 'VD'),
(3160, 'Avenches', 1580, 'VD'),
(3161, 'Oleyres', 1580, 'VD'),
(3162, 'Donatyre', 1580, 'VD'),
(3163, 'Cudrefin', 1588, 'VD'),
(3164, 'Faoug', 1595, 'VD'),
(3165, 'Villars-le-Grand', 1584, 'VD'),
(3166, 'Salavaux', 1585, 'VD'),
(3167, 'Bellerive VD', 1585, 'VD'),
(3168, 'Cotterd', 1585, 'VD'),
(3169, 'Vallamand', 1586, 'VD'),
(3170, 'Montmagny', 1587, 'VD'),
(3171, 'Constantine', 1587, 'VD'),
(3172, 'Chabrey', 1589, 'VD'),
(3173, 'Mur (Vully) VD', 1787, 'VD'),
(3174, 'Bettens', 1042, 'VD'),
(3175, 'Bournens', 1035, 'VD'),
(3176, 'Boussens', 1034, 'VD'),
(3177, 'La Chaux (Cossonay)', 1308, 'VD'),
(3178, 'Chavannes-le-Veyron', 1148, 'VD'),
(3179, 'Chevilly', 1316, 'VD'),
(3180, 'Cossonay-Ville', 1304, 'VD'),
(3181, 'Allens', 1304, 'VD'),
(3182, 'Cottens VD', 1116, 'VD'),
(3183, 'Cuarnens', 1148, 'VD'),
(3184, 'Daillens', 1306, 'VD'),
(3185, 'Dizy', 1304, 'VD'),
(3186, 'Eclépens', 1312, 'VD'),
(3187, 'Ferreyres', 1313, 'VD'),
(3188, 'Gollion', 1124, 'VD'),
(3189, 'Grancy', 1117, 'VD'),
(3190, 'L\'Isle', 1148, 'VD'),
(3191, 'Villars-Bozon', 1148, 'VD'),
(3192, 'La Coudre', 1148, 'VD'),
(3193, 'Lussery-Villars', 1307, 'VD'),
(3194, 'Mauraz', 1148, 'VD'),
(3195, 'Mex VD', 1031, 'VD'),
(3196, 'Moiry VD', 1148, 'VD'),
(3197, 'Mont-la-Ville', 1148, 'VD'),
(3198, 'Montricher', 1147, 'VD'),
(3199, 'Orny', 1317, 'VD'),
(3200, 'Pampigny', 1142, 'VD'),
(3201, 'Penthalaz', 1305, 'VD'),
(3202, 'Penthaz', 1303, 'VD'),
(3203, 'Pompaples', 1318, 'VD'),
(3204, 'La Sarraz', 1315, 'VD'),
(3205, 'Senarclens', 1304, 'VD'),
(3206, 'Sévery', 1141, 'VD'),
(3207, 'Sullens', 1036, 'VD'),
(3208, 'Vufflens-la-Ville', 1302, 'VD');
INSERT INTO `ville` (`id`, `nom`, `NPA`, `Canton_sigle`) VALUES
(3209, 'Assens', 1042, 'VD'),
(3210, 'Bercher', 1038, 'VD'),
(3211, 'Bioley-Orjulaz', 1042, 'VD'),
(3212, 'Bottens', 1041, 'VD'),
(3213, 'Bretigny-sur-Morrens', 1053, 'VD'),
(3214, 'Cugy VD', 1053, 'VD'),
(3215, 'Echallens', 1040, 'VD'),
(3216, 'Essertines-sur-Yverdon', 1417, 'VD'),
(3217, 'Epautheyres', 1417, 'VD'),
(3218, 'Etagničres', 1037, 'VD'),
(3219, 'Fey', 1044, 'VD'),
(3220, 'Froideville', 1055, 'VD'),
(3221, 'Morrens VD', 1054, 'VD'),
(3222, 'Oulens-sous-Echallens', 1377, 'VD'),
(3223, 'Pailly', 1416, 'VD'),
(3224, 'Penthéréaz', 1375, 'VD'),
(3225, 'Poliez-Pittet', 1041, 'VD'),
(3226, 'Rueyres', 1046, 'VD'),
(3227, 'St-Barthélemy VD', 1040, 'VD'),
(3228, 'Villars-le-Terroir', 1040, 'VD'),
(3229, 'Vuarrens', 1418, 'VD'),
(3230, 'Dommartin', 1041, 'VD'),
(3231, 'Naz', 1041, 'VD'),
(3232, 'Poliez-le-Grand', 1041, 'VD'),
(3233, 'Sugnens', 1043, 'VD'),
(3234, 'Goumoens-la-Ville', 1376, 'VD'),
(3235, 'Eclagnens', 1376, 'VD'),
(3236, 'Goumoens-le-Jux', 1376, 'VD'),
(3237, 'Bonvillars', 1427, 'VD'),
(3238, 'Les Rasses', 1452, 'VD'),
(3239, 'Bullet', 1453, 'VD'),
(3240, 'Champagne', 1424, 'VD'),
(3241, 'Concise', 1426, 'VD'),
(3242, 'Corcelles-prčs-Concise', 1426, 'VD'),
(3243, 'Fiez', 1420, 'VD'),
(3244, 'Fontaines-sur-Grandson', 1421, 'VD'),
(3245, 'Giez', 1429, 'VD'),
(3246, 'Grandevent', 1421, 'VD'),
(3247, 'Grandson', 1422, 'VD'),
(3248, 'Mauborget', 1453, 'VD'),
(3249, 'Mutrux', 1428, 'VD'),
(3250, 'Novalles', 1431, 'VD'),
(3251, 'Onnens VD', 1425, 'VD'),
(3252, 'Provence', 1428, 'VD'),
(3253, 'Ste-Croix', 1450, 'VD'),
(3254, 'La Sagne (Ste-Croix)', 1450, 'VD'),
(3255, 'Le Chāteau-de-Ste-Croix', 1450, 'VD'),
(3256, 'L\'Auberson', 1454, 'VD'),
(3257, 'La Vraconnaz', 1454, 'VD'),
(3258, 'Villars-Burquin', 1423, 'VD'),
(3259, 'Fontanezier', 1423, 'VD'),
(3260, 'Romairon', 1423, 'VD'),
(3261, 'Vaugondry', 1423, 'VD'),
(3262, 'Belmont-sur-Lausanne', 1092, 'VD'),
(3263, 'Cheseaux-sur-Lausanne', 1033, 'VD'),
(3264, 'Crissier', 1023, 'VD'),
(3265, 'Epalinges', 1066, 'VD'),
(3266, 'Jouxtens-Mézery', 1008, 'VD'),
(3267, 'Lausanne 25', 1000, 'VD'),
(3268, 'Lausanne 26', 1000, 'VD'),
(3269, 'Lausanne 27', 1000, 'VD'),
(3270, 'Lausanne', 1003, 'VD'),
(3271, 'Lausanne', 1004, 'VD'),
(3272, 'Lausanne', 1005, 'VD'),
(3273, 'Lausanne', 1006, 'VD'),
(3274, 'Lausanne', 1007, 'VD'),
(3275, 'Lausanne', 1010, 'VD'),
(3276, 'Lausanne', 1011, 'VD'),
(3277, 'Lausanne', 1012, 'VD'),
(3278, 'Lausanne', 1015, 'VD'),
(3279, 'Lausanne', 1018, 'VD'),
(3280, 'Le Mont-sur-Lausanne', 1052, 'VD'),
(3281, 'Paudex', 1094, 'VD'),
(3282, 'Prilly', 1008, 'VD'),
(3283, 'Pully', 1009, 'VD'),
(3284, 'Les Monts-de-Pully', 1068, 'VD'),
(3285, 'Renens VD', 1020, 'VD'),
(3286, 'Romanel-sur-Lausanne', 1032, 'VD'),
(3287, 'Chexbres', 1071, 'VD'),
(3288, 'Forel (Lavaux)', 1072, 'VD'),
(3289, 'La Croix (Lutry)', 1090, 'VD'),
(3290, 'La Conversion', 1093, 'VD'),
(3291, 'Lutry', 1095, 'VD'),
(3292, 'Puidoux', 1070, 'VD'),
(3293, 'Rivaz', 1071, 'VD'),
(3294, 'St-Saphorin (Lavaux)', 1071, 'VD'),
(3295, 'Savigny', 1073, 'VD'),
(3296, 'Mollie-Margot', 1073, 'VD'),
(3297, 'Grandvaux', 1091, 'VD'),
(3298, 'Aran', 1091, 'VD'),
(3299, 'Chenaux', 1091, 'VD'),
(3300, 'Cully', 1096, 'VD'),
(3301, 'Villette (Lavaux)', 1096, 'VD'),
(3302, 'Riex', 1097, 'VD'),
(3303, 'Epesses', 1098, 'VD'),
(3304, 'Aclens', 1123, 'VD'),
(3305, 'Bremblens', 1121, 'VD'),
(3306, 'Buchillon', 1164, 'VD'),
(3307, 'Bussigny', 1030, 'VD'),
(3308, 'Bussy-Chardonney', 1136, 'VD'),
(3309, 'Chavannes-prčs-Renens', 1022, 'VD'),
(3310, 'Chigny', 1134, 'VD'),
(3311, 'Clarmont', 1127, 'VD'),
(3312, 'Denens', 1135, 'VD'),
(3313, 'Denges', 1026, 'VD'),
(3314, 'Echandens', 1026, 'VD'),
(3315, 'Echichens', 1112, 'VD'),
(3316, 'St-Saphorin-sur-Morges', 1113, 'VD'),
(3317, 'Colombier VD', 1114, 'VD'),
(3318, 'Monnaz', 1125, 'VD'),
(3319, 'Ecublens VD', 1024, 'VD'),
(3320, 'Etoy', 1163, 'VD'),
(3321, 'Lavigny', 1175, 'VD'),
(3322, 'Lonay', 1027, 'VD'),
(3323, 'Lully VD', 1132, 'VD'),
(3324, 'Lussy-sur-Morges', 1167, 'VD'),
(3325, 'Morges', 1110, 'VD'),
(3326, 'Préverenges', 1028, 'VD'),
(3327, 'Reverolle', 1128, 'VD'),
(3328, 'Romanel-sur-Morges', 1122, 'VD'),
(3329, 'St-Prex', 1162, 'VD'),
(3330, 'St-Sulpice VD', 1025, 'VD'),
(3331, 'Tolochenaz', 1131, 'VD'),
(3332, 'Vaux-sur-Morges', 1126, 'VD'),
(3333, 'Villars-Ste-Croix', 1029, 'VD'),
(3334, 'Villars-sous-Yens', 1168, 'VD'),
(3335, 'Vufflens-le-Chāteau', 1134, 'VD'),
(3336, 'Vullierens', 1115, 'VD'),
(3337, 'Yens', 1169, 'VD'),
(3338, 'Boulens', 1063, 'VD'),
(3339, 'Bussy-sur-Moudon', 1514, 'VD'),
(3340, 'Chavannes-sur-Moudon', 1512, 'VD'),
(3341, 'Curtilles', 1521, 'VD'),
(3342, 'Dompierre VD', 1682, 'VD'),
(3343, 'Hermenches', 1513, 'VD'),
(3344, 'Lovatens', 1682, 'VD'),
(3345, 'Lucens', 1522, 'VD'),
(3346, 'Oulens-sur-Lucens', 1522, 'VD'),
(3347, 'Forel-sur-Lucens', 1526, 'VD'),
(3348, 'Cremin', 1526, 'VD'),
(3349, 'Brenles', 1683, 'VD'),
(3350, 'Chesalles-sur-Moudon', 1683, 'VD'),
(3351, 'Sarzens', 1683, 'VD'),
(3352, 'Moudon', 1510, 'VD'),
(3353, 'Ogens', 1045, 'VD'),
(3354, 'Prévonloup', 1682, 'VD'),
(3355, 'Rossenges', 1513, 'VD'),
(3356, 'Syens', 1510, 'VD'),
(3357, 'Villars-le-Comte', 1515, 'VD'),
(3358, 'Vucherens', 1509, 'VD'),
(3359, 'Chapelle-sur-Moudon', 1063, 'VD'),
(3360, 'Martherenges', 1063, 'VD'),
(3361, 'Peyres-Possens', 1063, 'VD'),
(3362, 'Chanéaz', 1409, 'VD'),
(3363, 'Thierrens', 1410, 'VD'),
(3364, 'Correvon', 1410, 'VD'),
(3365, 'Denezy', 1410, 'VD'),
(3366, 'St-Cierges', 1410, 'VD'),
(3367, 'Neyruz-sur-Moudon', 1515, 'VD'),
(3368, 'Arnex-sur-Nyon', 1277, 'VD'),
(3369, 'Arzier-Le Muids', 1273, 'VD'),
(3370, 'Bassins', 1269, 'VD'),
(3371, 'Begnins', 1268, 'VD'),
(3372, 'Bogis-Bossey', 1279, 'VD'),
(3373, 'Borex', 1277, 'VD'),
(3374, 'Chavannes-de-Bogis', 1279, 'VD'),
(3375, 'Chavannes-des-Bois', 1290, 'VD'),
(3376, 'Chéserex', 1275, 'VD'),
(3377, 'Coinsins', 1267, 'VD'),
(3378, 'Commugny', 1291, 'VD'),
(3379, 'Coppet', 1296, 'VD'),
(3380, 'Crans VD', 1299, 'VD'),
(3381, 'Crassier', 1263, 'VD'),
(3382, 'Duillier', 1266, 'VD'),
(3383, 'Eysins', 1262, 'VD'),
(3384, 'Founex', 1297, 'VD'),
(3385, 'Genolier', 1272, 'VD'),
(3386, 'Gingins', 1276, 'VD'),
(3387, 'Givrins', 1271, 'VD'),
(3388, 'Gland', 1196, 'VD'),
(3389, 'Grens', 1274, 'VD'),
(3390, 'Mies', 1295, 'VD'),
(3391, 'Nyon', 1260, 'VD'),
(3392, 'Prangins', 1197, 'VD'),
(3393, 'La Rippe', 1278, 'VD'),
(3394, 'St-Cergue', 1264, 'VD'),
(3395, 'La Cure', 1265, 'VD'),
(3396, 'Signy', 1274, 'VD'),
(3397, 'Tannay', 1295, 'VD'),
(3398, 'Trélex', 1270, 'VD'),
(3399, 'Le Vaud', 1261, 'VD'),
(3400, 'Vich', 1267, 'VD'),
(3401, 'L\'Abergement', 1355, 'VD'),
(3402, 'Agiez', 1352, 'VD'),
(3403, 'Arnex-sur-Orbe', 1321, 'VD'),
(3404, 'Ballaigues', 1338, 'VD'),
(3405, 'Baulmes', 1446, 'VD'),
(3406, 'Bavois', 1372, 'VD'),
(3407, 'Bofflens', 1353, 'VD'),
(3408, 'Bretonničres', 1329, 'VD'),
(3409, 'Chavornay', 1373, 'VD'),
(3410, 'Corcelles-sur-Chavornay', 1374, 'VD'),
(3411, 'Essert-Pittet', 1435, 'VD'),
(3412, 'Les Clées', 1356, 'VD'),
(3413, 'La Russille', 1356, 'VD'),
(3414, 'Croy', 1322, 'VD'),
(3415, 'Juriens', 1326, 'VD'),
(3416, 'Lignerolle', 1357, 'VD'),
(3417, 'Montcherand', 1354, 'VD'),
(3418, 'Orbe', 1350, 'VD'),
(3419, 'La Praz', 1148, 'VD'),
(3420, 'Premier', 1324, 'VD'),
(3421, 'Rances', 1439, 'VD'),
(3422, 'Romainmōtier', 1323, 'VD'),
(3423, 'Sergey', 1355, 'VD'),
(3424, 'Valeyres-sous-Rances', 1358, 'VD'),
(3425, 'Vallorbe', 1337, 'VD'),
(3426, 'Vaulion', 1325, 'VD'),
(3427, 'Vuiteboeuf', 1445, 'VD'),
(3428, 'Corcelles-le-Jorat', 1082, 'VD'),
(3429, 'Essertes', 1078, 'VD'),
(3430, 'Maracon', 1613, 'VD'),
(3431, 'Montpreveyres', 1081, 'VD'),
(3432, 'Ropraz', 1088, 'VD'),
(3433, 'Servion', 1077, 'VD'),
(3434, 'Les Cullayes', 1080, 'VD'),
(3435, 'Vulliens', 1085, 'VD'),
(3436, 'Montaubion-Chardonney', 1041, 'VD'),
(3437, 'Villars-Tiercelin', 1058, 'VD'),
(3438, 'Peney-le-Jorat', 1059, 'VD'),
(3439, 'Villars-Mendraz', 1061, 'VD'),
(3440, 'Sottens', 1062, 'VD'),
(3441, 'Palézieux', 1607, 'VD'),
(3442, 'Palézieux-Village', 1607, 'VD'),
(3443, 'Les Tavernes', 1607, 'VD'),
(3444, 'Les Thioleyres', 1607, 'VD'),
(3445, 'Oron-le-Chātel', 1608, 'VD'),
(3446, 'Bussigny-sur-Oron', 1608, 'VD'),
(3447, 'Chesalles-sur-Oron', 1608, 'VD'),
(3448, 'Oron-la-Ville', 1610, 'VD'),
(3449, 'Chātillens', 1610, 'VD'),
(3450, 'Vuibroye', 1610, 'VD'),
(3451, 'Ecoteaux', 1612, 'VD'),
(3452, 'Ferlens VD', 1076, 'VD'),
(3453, 'Mézičres VD', 1083, 'VD'),
(3454, 'Carrouge VD', 1084, 'VD'),
(3455, 'Champtauroz', 1537, 'VD'),
(3456, 'Chevroux', 1545, 'VD'),
(3457, 'Corcelles-prčs-Payerne', 1562, 'VD'),
(3458, 'Grandcour', 1543, 'VD'),
(3459, 'Henniez', 1525, 'VD'),
(3460, 'Missy', 1565, 'VD'),
(3461, 'Payerne', 1530, 'VD'),
(3462, 'Vers-chez-Perrin', 1551, 'VD'),
(3463, 'Trey', 1552, 'VD'),
(3464, 'Treytorrens (Payerne)', 1538, 'VD'),
(3465, 'Sédeilles', 1554, 'VD'),
(3466, 'Rossens VD', 1554, 'VD'),
(3467, 'Villarzel', 1555, 'VD'),
(3468, 'Granges-prčs-Marnand', 1523, 'VD'),
(3469, 'Marnand', 1524, 'VD'),
(3470, 'Seigneux', 1525, 'VD'),
(3471, 'Sassel', 1534, 'VD'),
(3472, 'Combremont-le-Grand', 1535, 'VD'),
(3473, 'Combremont-le-Petit', 1536, 'VD'),
(3474, 'Villars-Bramard', 1682, 'VD'),
(3475, 'Cerniaz VD', 1682, 'VD'),
(3476, 'Chāteau-d\'Oex', 1660, 'VD'),
(3477, 'Les Moulins', 1660, 'VD'),
(3478, 'L\'Etivaz', 1660, 'VD'),
(3479, 'La Lécherette', 1660, 'VD'),
(3480, 'Rossiničre', 1658, 'VD'),
(3481, 'La Tine', 1658, 'VD'),
(3482, 'Rougemont', 1659, 'VD'),
(3483, 'Flendruz', 1659, 'VD'),
(3484, 'Allaman', 1165, 'VD'),
(3485, 'Bursinel', 1195, 'VD'),
(3486, 'Bursins', 1183, 'VD'),
(3487, 'Burtigny', 1268, 'VD'),
(3488, 'Dully', 1195, 'VD'),
(3489, 'Essertines-sur-Rolle', 1186, 'VD'),
(3490, 'Gilly', 1182, 'VD'),
(3491, 'Luins', 1184, 'VD'),
(3492, 'Mont-sur-Rolle', 1185, 'VD'),
(3493, 'Perroy', 1166, 'VD'),
(3494, 'Rolle', 1180, 'VD'),
(3495, 'Tartegnin', 1180, 'VD'),
(3496, 'Vinzel', 1184, 'VD'),
(3497, 'Le Pont', 1342, 'VD'),
(3498, 'L\'Abbaye', 1344, 'VD'),
(3499, 'Les Bioux', 1346, 'VD'),
(3500, 'L\'Orient', 1341, 'VD'),
(3501, 'Le Sentier', 1347, 'VD'),
(3502, 'Le Solliat', 1347, 'VD'),
(3503, 'Le Brassus', 1348, 'VD'),
(3504, 'Les Charbonničres', 1343, 'VD'),
(3505, 'Le Lieu', 1345, 'VD'),
(3506, 'Le Séchey', 1345, 'VD'),
(3507, 'Blonay', 1807, 'VD'),
(3508, 'Le Mont-Pčlerin', 1801, 'VD'),
(3509, 'Chardonne', 1803, 'VD'),
(3510, 'Corseaux', 1802, 'VD'),
(3511, 'Corsier-sur-Vevey', 1804, 'VD'),
(3512, 'Les Monts-de-Corsier', 1808, 'VD'),
(3513, 'Fenil-sur-Corsier', 1809, 'VD'),
(3514, 'Jongny', 1805, 'VD'),
(3515, 'Clarens', 1815, 'VD'),
(3516, 'Chailly-Montreux', 1816, 'VD'),
(3517, 'Brent', 1817, 'VD'),
(3518, 'Montreux', 1820, 'VD'),
(3519, 'Territet', 1820, 'VD'),
(3520, 'Chernex', 1822, 'VD'),
(3521, 'Glion', 1823, 'VD'),
(3522, 'Caux', 1824, 'VD'),
(3523, 'Chamby', 1832, 'VD'),
(3524, 'Villard-sur-Chamby', 1832, 'VD'),
(3525, 'Les Avants', 1833, 'VD'),
(3526, 'St-Légier-La Chiésaz', 1806, 'VD'),
(3527, 'La Tour-de-Peilz', 1814, 'VD'),
(3528, 'Vevey', 1800, 'VD'),
(3529, 'Veytaux', 1820, 'VD'),
(3530, 'Belmont-sur-Yverdon', 1432, 'VD'),
(3531, 'Bioley-Magnoux', 1407, 'VD'),
(3532, 'Chamblon', 1436, 'VD'),
(3533, 'Champvent', 1443, 'VD'),
(3534, 'Essert-sous-Champvent', 1443, 'VD'),
(3535, 'Villars-sous-Champvent', 1443, 'VD'),
(3536, 'Chavannes-le-Chźne', 1464, 'VD'),
(3537, 'Chźne-Pāquier', 1464, 'VD'),
(3538, 'Cheseaux-Noréaz', 1400, 'VD'),
(3539, 'Cronay', 1406, 'VD'),
(3540, 'Cuarny', 1404, 'VD'),
(3541, 'Démoret', 1415, 'VD'),
(3542, 'Donneloye', 1407, 'VD'),
(3543, 'Gossens', 1407, 'VD'),
(3544, 'Mézery-prčs-Donneloye', 1407, 'VD'),
(3545, 'Prahins', 1408, 'VD'),
(3546, 'Ependes VD', 1434, 'VD'),
(3547, 'Mathod', 1438, 'VD'),
(3548, 'Molondin', 1415, 'VD'),
(3549, 'Montagny-prčs-Yverdon', 1442, 'VD'),
(3550, 'Oppens', 1047, 'VD'),
(3551, 'Orges', 1430, 'VD'),
(3552, 'Orzens', 1413, 'VD'),
(3553, 'Pomy', 1405, 'VD'),
(3554, 'Rovray', 1463, 'VD'),
(3555, 'Suchy', 1433, 'VD'),
(3556, 'Suscévaz', 1437, 'VD'),
(3557, 'Treycovagnes', 1436, 'VD'),
(3558, 'Ursins', 1412, 'VD'),
(3559, 'Valeyres-sous-Montagny', 1441, 'VD'),
(3560, 'Valeyres-sous-Ursins', 1412, 'VD'),
(3561, 'Villars-Epeney', 1404, 'VD'),
(3562, 'Vugelles-La Mothe', 1431, 'VD'),
(3563, 'Yverdon-les-Bains', 1400, 'VD'),
(3564, 'Gressy', 1432, 'VD'),
(3565, 'Yvonand', 1462, 'VD'),
(3566, 'Brig', 3900, 'VS'),
(3567, 'Gamsen', 3900, 'VS'),
(3568, 'Brigerbad', 3900, 'VS'),
(3569, 'Glis', 3902, 'VS'),
(3570, 'Eggerberg', 3939, 'VS'),
(3571, 'Mund', 3903, 'VS'),
(3572, 'Birgisch', 3903, 'VS'),
(3573, 'Naters', 3904, 'VS'),
(3574, 'Blatten b. Naters', 3914, 'VS'),
(3575, 'Belalp', 3914, 'VS'),
(3576, 'Rothwald', 3901, 'VS'),
(3577, 'Ried-Brig', 3911, 'VS'),
(3578, 'Simplon Dorf', 3907, 'VS'),
(3579, 'Simplon Hospiz', 3907, 'VS'),
(3580, 'Gabi (Simplon)', 3907, 'VS'),
(3581, 'Termen', 3912, 'VS'),
(3582, 'Rosswald', 3913, 'VS'),
(3583, 'Gondo', 3907, 'VS'),
(3584, 'Ardon', 1957, 'VS'),
(3585, 'Chamoson', 1955, 'VS'),
(3586, 'Mayens-de-Chamoson', 1955, 'VS'),
(3587, 'Les Vérines (Chamoson)', 1955, 'VS'),
(3588, 'Némiaz (Chamoson)', 1955, 'VS'),
(3589, 'Grugnay (Chamoson)', 1955, 'VS'),
(3590, 'St-Pierre-de-Clages', 1955, 'VS'),
(3591, 'Conthey', 1964, 'VS'),
(3592, 'St-Séverin', 1975, 'VS'),
(3593, 'Erde', 1976, 'VS'),
(3594, 'Aven', 1976, 'VS'),
(3595, 'Daillon', 1976, 'VS'),
(3596, 'Clčbes (Nendaz)', 1993, 'VS'),
(3597, 'Aproz (Nendaz)', 1994, 'VS'),
(3598, 'Basse-Nendaz', 1996, 'VS'),
(3599, 'Fey (Nendaz)', 1996, 'VS'),
(3600, 'Bieudron (Nendaz)', 1996, 'VS'),
(3601, 'Condémines (Nendaz)', 1996, 'VS'),
(3602, 'Saclentse', 1996, 'VS'),
(3603, 'Baar (Nendaz)', 1996, 'VS'),
(3604, 'Beuson (Nendaz)', 1996, 'VS'),
(3605, 'Brignon (Nendaz)', 1996, 'VS'),
(3606, 'Haute-Nendaz', 1997, 'VS'),
(3607, 'Siviez (Nendaz)', 1997, 'VS'),
(3608, 'Sornard (Nendaz)', 1997, 'VS'),
(3609, 'Vétroz', 1963, 'VS'),
(3610, 'Bourg-St-Pierre', 1946, 'VS'),
(3611, 'Liddes', 1945, 'VS'),
(3612, 'Fontaine Dessus (Liddes)', 1945, 'VS'),
(3613, 'Fontaine Dessous (Liddes)', 1945, 'VS'),
(3614, 'Dranse (Liddes)', 1945, 'VS'),
(3615, 'Chandonne (Liddes)', 1945, 'VS'),
(3616, 'Rive Haute (Liddes)', 1945, 'VS'),
(3617, 'Fornex (Liddes)', 1945, 'VS'),
(3618, 'Les Moulins VS (Liddes)', 1945, 'VS'),
(3619, 'Vichčres (Liddes)', 1945, 'VS'),
(3620, 'Palasuit (Liddes)', 1945, 'VS'),
(3621, 'Chez Petit (Liddes)', 1945, 'VS'),
(3622, 'Petit Vichčres (Liddes)', 1945, 'VS'),
(3623, 'Orsičres', 1937, 'VS'),
(3624, 'Champex-Lac', 1938, 'VS'),
(3625, 'Praz-de-Fort', 1943, 'VS'),
(3626, 'La Fouly VS', 1944, 'VS'),
(3627, 'Sembrancher', 1933, 'VS'),
(3628, 'Chamoille (Sembrancher)', 1933, 'VS'),
(3629, 'La Garde (Sembrancher)', 1933, 'VS'),
(3630, 'Chemin', 1927, 'VS'),
(3631, 'Vens (Sembrancher)', 1933, 'VS'),
(3632, 'Le Chāble VS', 1934, 'VS'),
(3633, 'Bruson', 1934, 'VS'),
(3634, 'Verbier', 1936, 'VS'),
(3635, 'Vollčges', 1941, 'VS'),
(3636, 'Cries (Vollčges)', 1941, 'VS'),
(3637, 'Levron', 1942, 'VS'),
(3638, 'Versegčres', 1947, 'VS'),
(3639, 'Champsec', 1947, 'VS'),
(3640, 'Lourtier', 1948, 'VS'),
(3641, 'Fionnay', 1948, 'VS'),
(3642, 'Sarreyer', 1948, 'VS'),
(3643, 'Bellwald', 3997, 'VS'),
(3644, 'Binn', 3996, 'VS'),
(3645, 'Ernen', 3995, 'VS'),
(3646, 'Ausserbinn', 3995, 'VS'),
(3647, 'Mühlebach (Goms)', 3995, 'VS'),
(3648, 'Mühlebach (Goms)', 3995, 'VS'),
(3649, 'Steinhaus', 3995, 'VS'),
(3650, 'Steinhaus', 3995, 'VS'),
(3651, 'Fiesch', 3984, 'VS'),
(3652, 'Jungfraujoch', 3801, 'VS'),
(3653, 'Fieschertal', 3984, 'VS'),
(3654, 'Lax', 3994, 'VS'),
(3655, 'Ulrichen', 3988, 'VS'),
(3656, 'Obergesteln', 3988, 'VS'),
(3657, 'Oberwald', 3999, 'VS'),
(3658, 'Münster VS', 3985, 'VS'),
(3659, 'Geschinen', 3985, 'VS'),
(3660, 'Biel VS', 3989, 'VS'),
(3661, 'Ritzingen', 3989, 'VS'),
(3662, 'Selkingen', 3989, 'VS'),
(3663, 'Niederwald', 3989, 'VS'),
(3664, 'Blitzingen', 3989, 'VS'),
(3665, 'Reckingen VS', 3998, 'VS'),
(3666, 'Gluringen', 3998, 'VS'),
(3667, 'Fortunau (Ayent)', 1966, 'VS'),
(3668, 'Luc (Ayent)', 1966, 'VS'),
(3669, 'St-Romain (Ayent)', 1966, 'VS'),
(3670, 'Saxonne (Ayent)', 1966, 'VS'),
(3671, 'Villa (Ayent)', 1966, 'VS'),
(3672, 'La Place (Ayent)', 1966, 'VS'),
(3673, 'Botyre (Ayent)', 1966, 'VS'),
(3674, 'Blignou (Ayent)', 1966, 'VS'),
(3675, 'Argnou (Ayent)', 1966, 'VS'),
(3676, 'Signčse (Ayent)', 1966, 'VS'),
(3677, 'Anzčre', 1972, 'VS'),
(3678, 'Evolčne', 1983, 'VS'),
(3679, 'Lanna', 1983, 'VS'),
(3680, 'Les Haudčres', 1984, 'VS'),
(3681, 'La Tour VS', 1984, 'VS'),
(3682, 'La Sage', 1985, 'VS'),
(3683, 'La Forclaz VS', 1985, 'VS'),
(3684, 'Villa (Evolčne)', 1985, 'VS'),
(3685, 'Arolla', 1986, 'VS'),
(3686, 'Euseigne', 1982, 'VS'),
(3687, 'Hérémence', 1987, 'VS'),
(3688, 'St-Martin VS', 1969, 'VS'),
(3689, 'Liez (St-Martin)', 1969, 'VS'),
(3690, 'Trogne (St-Martin)', 1969, 'VS'),
(3691, 'Suen (St-Martin)', 1969, 'VS'),
(3692, 'Eison (St-Martin)', 1969, 'VS'),
(3693, 'Vex', 1981, 'VS'),
(3694, 'Thyon', 1988, 'VS'),
(3695, 'Les Collons', 1988, 'VS'),
(3696, 'Les Mayens-de-Sion', 1992, 'VS'),
(3697, 'Vernamičge', 1961, 'VS'),
(3698, 'Mase', 1968, 'VS'),
(3699, 'Nax', 1973, 'VS'),
(3700, 'Agarn', 3951, 'VS'),
(3701, 'Albinen', 3955, 'VS'),
(3702, 'Ergisch', 3947, 'VS'),
(3703, 'Inden', 3953, 'VS'),
(3704, 'Susten', 3952, 'VS'),
(3705, 'Leuk Stadt', 3953, 'VS'),
(3706, 'Erschmatt', 3957, 'VS'),
(3707, 'Leukerbad', 3954, 'VS'),
(3708, 'Oberems', 3948, 'VS'),
(3709, 'Salgesch', 3970, 'VS'),
(3710, 'Varen', 3953, 'VS'),
(3711, 'Guttet-Feschel', 3956, 'VS'),
(3712, 'Gampel', 3945, 'VS'),
(3713, 'Niedergampel', 3945, 'VS'),
(3714, 'Bratsch', 3957, 'VS'),
(3715, 'Turtmann', 3946, 'VS'),
(3716, 'Gruben', 3946, 'VS'),
(3717, 'Unterems', 3948, 'VS'),
(3718, 'Bovernier', 1932, 'VS'),
(3719, 'Les Valettes (Bovernier)', 1932, 'VS'),
(3720, 'Fully', 1926, 'VS'),
(3721, 'Isérables', 1914, 'VS'),
(3722, 'Ovronnaz', 1911, 'VS'),
(3723, 'Leytron', 1912, 'VS'),
(3724, 'Produit (Leytron)', 1912, 'VS'),
(3725, 'Montagnon (Leytron)', 1912, 'VS'),
(3726, 'Dugny (Leytron)', 1912, 'VS'),
(3727, 'Charrat', 1906, 'VS'),
(3728, 'Martigny', 1920, 'VS'),
(3729, 'Martigny-Croix', 1921, 'VS'),
(3730, 'Ravoire', 1928, 'VS'),
(3731, 'Riddes', 1908, 'VS'),
(3732, 'Auddes-sur-Riddes', 1914, 'VS'),
(3733, 'La Tzoumaz', 1918, 'VS'),
(3734, 'Saillon', 1913, 'VS'),
(3735, 'Saillon', 1913, 'VS'),
(3736, 'Saxon', 1907, 'VS'),
(3737, 'Trient', 1929, 'VS'),
(3738, 'Champéry', 1874, 'VS'),
(3739, 'Collombey', 1868, 'VS'),
(3740, 'Collombey', 1868, 'VS'),
(3741, 'Muraz (Collombey)', 1893, 'VS'),
(3742, 'Monthey', 1870, 'VS'),
(3743, 'Monthey', 1870, 'VS'),
(3744, 'Choėx', 1871, 'VS'),
(3745, 'Les Giettes', 1871, 'VS'),
(3746, 'Bouveret', 1897, 'VS'),
(3747, 'Les Evouettes', 1897, 'VS'),
(3748, 'St-Gingolph', 1898, 'VS'),
(3749, 'Troistorrents', 1872, 'VS'),
(3750, 'Morgins', 1875, 'VS'),
(3751, 'Val-d\'Illiez', 1873, 'VS'),
(3752, 'Champoussin', 1873, 'VS'),
(3753, 'Les Crosets', 1873, 'VS'),
(3754, 'Vionnaz', 1895, 'VS'),
(3755, 'Torgon', 1899, 'VS'),
(3756, 'Vouvry', 1896, 'VS'),
(3757, 'Miex', 1896, 'VS'),
(3758, 'Bister', 3983, 'VS'),
(3759, 'Bitsch', 3982, 'VS'),
(3760, 'Grengiols', 3993, 'VS'),
(3761, 'Goppisberg', 3983, 'VS'),
(3762, 'Greich', 3983, 'VS'),
(3763, 'Ried-Mörel', 3986, 'VS'),
(3764, 'Riederalp', 3987, 'VS'),
(3765, 'Ausserberg', 3938, 'VS'),
(3766, 'Blatten (Lötschen)', 3919, 'VS'),
(3767, 'Bürchen', 3935, 'VS'),
(3768, 'Eischoll', 3943, 'VS'),
(3769, 'Ferden', 3916, 'VS'),
(3770, 'Goppenstein', 3917, 'VS'),
(3771, 'Kippel', 3917, 'VS'),
(3772, 'Niedergesteln', 3942, 'VS'),
(3773, 'Raron', 3942, 'VS'),
(3774, 'St. German', 3942, 'VS'),
(3775, 'Unterbäch VS', 3944, 'VS'),
(3776, 'Wiler (Lötschen)', 3918, 'VS'),
(3777, 'Mörel', 3983, 'VS'),
(3778, 'Filet', 3983, 'VS'),
(3779, 'Steg VS', 3940, 'VS'),
(3780, 'Hohtenn', 3949, 'VS'),
(3781, 'Betten', 3991, 'VS'),
(3782, 'Bettmeralp', 3992, 'VS'),
(3783, 'Martisberg', 3994, 'VS'),
(3784, 'Collonges', 1903, 'VS'),
(3785, 'Dorénaz', 1905, 'VS'),
(3786, 'Evionnaz', 1902, 'VS'),
(3787, 'Finhaut', 1925, 'VS'),
(3788, 'Le Chātelard VS', 1925, 'VS'),
(3789, 'Massongex', 1869, 'VS'),
(3790, 'St-Maurice', 1890, 'VS'),
(3791, 'Mex VS', 1890, 'VS'),
(3792, 'Salvan', 1922, 'VS'),
(3793, 'Les Granges (Salvan)', 1922, 'VS'),
(3794, 'Les Marécottes', 1923, 'VS'),
(3795, 'Le Trétien', 1923, 'VS'),
(3796, 'Vernayaz', 1904, 'VS'),
(3797, 'Vérossaz', 1891, 'VS'),
(3798, 'Chalais', 3966, 'VS'),
(3799, 'Réchy', 3966, 'VS'),
(3800, 'Vercorin', 3967, 'VS'),
(3801, 'Chippis', 3965, 'VS'),
(3802, 'Grōne', 3979, 'VS'),
(3803, 'Icogne', 1977, 'VS'),
(3804, 'Lens', 1978, 'VS'),
(3805, 'Flanthey', 3978, 'VS'),
(3806, 'St-Léonard', 1958, 'VS'),
(3807, 'Sierre', 3960, 'VS'),
(3808, 'Muraz (Sierre)', 3960, 'VS'),
(3809, 'Noės', 3976, 'VS'),
(3810, 'Granges VS', 3977, 'VS'),
(3811, 'Niouc', 3960, 'VS'),
(3812, 'Vissoie', 3961, 'VS'),
(3813, 'St-Luc', 3961, 'VS'),
(3814, 'Chandolin', 3961, 'VS'),
(3815, 'Ayer', 3961, 'VS'),
(3816, 'Zinal', 3961, 'VS'),
(3817, 'Grimentz', 3961, 'VS'),
(3818, 'Mission', 3961, 'VS'),
(3819, 'St-Jean VS', 3961, 'VS'),
(3820, 'Corin-de-la-Crźte', 3960, 'VS'),
(3821, 'Loc', 3960, 'VS'),
(3822, 'Crans-Montana', 3963, 'VS'),
(3823, 'Montana', 3963, 'VS'),
(3824, 'Aminona', 3963, 'VS'),
(3825, 'Chermignon', 3971, 'VS'),
(3826, 'Chermignon-d\'en-Bas', 3971, 'VS'),
(3827, 'Ollon VS', 3971, 'VS'),
(3828, 'Mollens VS', 3974, 'VS'),
(3829, 'Randogne', 3975, 'VS'),
(3830, 'Champzabé', 3976, 'VS'),
(3831, 'Veyras', 3968, 'VS'),
(3832, 'Mičge', 3972, 'VS'),
(3833, 'Venthōne', 3973, 'VS'),
(3834, 'Arbaz', 1974, 'VS'),
(3835, 'Grimisuat', 1971, 'VS'),
(3836, 'Champlan (Grimisuat)', 1971, 'VS'),
(3837, 'Savičse', 1965, 'VS'),
(3838, 'Sion', 1950, 'VS'),
(3839, 'Uvrier', 1958, 'VS'),
(3840, 'Pont-de-la-Morge (Sion)', 1962, 'VS'),
(3841, 'Bramois', 1967, 'VS'),
(3842, 'Salins', 1991, 'VS'),
(3843, 'Arvillard (Salins)', 1991, 'VS'),
(3844, 'Pravidondaz (Salins)', 1991, 'VS'),
(3845, 'Turin (Salins)', 1991, 'VS'),
(3846, 'Misériez (Salins)', 1991, 'VS'),
(3847, 'Les Agettes', 1992, 'VS'),
(3848, 'La Vernaz (Les Agettes)', 1992, 'VS'),
(3849, 'Crźte-ą-l\'Oeil (Les Agettes)', 1992, 'VS'),
(3850, 'Veysonnaz', 1993, 'VS'),
(3851, 'Baltschieder', 3937, 'VS'),
(3852, 'Baltschieder', 3937, 'VS'),
(3853, 'Eisten', 3922, 'VS'),
(3854, 'Kalpetran', 3922, 'VS'),
(3855, 'Embd', 3926, 'VS'),
(3856, 'Grächen', 3925, 'VS'),
(3857, 'Lalden', 3931, 'VS'),
(3858, 'Randa', 3928, 'VS'),
(3859, 'Saas-Almagell', 3905, 'VS'),
(3860, 'Saas-Balen', 3908, 'VS'),
(3861, 'Saas-Fee', 3906, 'VS'),
(3862, 'Saas-Grund', 3910, 'VS'),
(3863, 'St. Niklaus VS', 3924, 'VS'),
(3864, 'Herbriggen', 3927, 'VS'),
(3865, 'Stalden VS', 3922, 'VS'),
(3866, 'Staldenried', 3933, 'VS'),
(3867, 'Täsch', 3929, 'VS'),
(3868, 'Törbel', 3923, 'VS'),
(3869, 'Visp', 3930, 'VS'),
(3870, 'Eyholz', 3930, 'VS'),
(3871, 'Visperterminen', 3932, 'VS'),
(3872, 'Zeneggen', 3934, 'VS'),
(3873, 'Zermatt', 3920, 'VS'),
(3874, 'Areuse', 2015, 'NE'),
(3875, 'Boudry', 2017, 'NE'),
(3876, 'Cortaillod', 2016, 'NE'),
(3877, 'Rochefort', 2019, 'NE'),
(3878, 'Chambrelien', 2019, 'NE'),
(3879, 'Montezillon', 2037, 'NE'),
(3880, 'Champ-du-Moulin', 2149, 'NE'),
(3881, 'Fretereules', 2149, 'NE'),
(3882, 'Brot-Dessous', 2149, 'NE'),
(3883, 'Auvernier', 2012, 'NE'),
(3884, 'Colombier NE', 2013, 'NE'),
(3885, 'Bōle', 2014, 'NE'),
(3886, 'Bevaix', 2022, 'NE'),
(3887, 'Gorgier', 2023, 'NE'),
(3888, 'St-Aubin-Sauges', 2024, 'NE'),
(3889, 'Chez-le-Bart', 2025, 'NE'),
(3890, 'Montalchez', 2027, 'NE'),
(3891, 'Fresens', 2027, 'NE'),
(3892, 'Vaumarcus', 2028, 'NE'),
(3893, 'La Chaux-de-Fonds', 2300, 'NE'),
(3894, 'La Cibourg', 2300, 'NE'),
(3895, 'Le Crźt-du-Locle', 2322, 'NE'),
(3896, 'La Cibourg', 2333, 'NE'),
(3897, 'La Cibourg', 2616, 'NE'),
(3898, 'Les Planchettes', 2325, 'NE'),
(3899, 'La Sagne NE', 2314, 'NE'),
(3900, 'La Brévine', 2406, 'NE'),
(3901, 'Les Taillčres', 2406, 'NE'),
(3902, 'La Chātagne', 2406, 'NE'),
(3903, 'Le Brouillet', 2406, 'NE'),
(3904, 'Brot-Plamboz', 2318, 'NE'),
(3905, 'Le Cerneux-Péquignot', 2414, 'NE'),
(3906, 'La Chaux-du-Milieu', 2405, 'NE'),
(3907, 'Le Locle', 2400, 'NE'),
(3908, 'Le Prévoux', 2400, 'NE'),
(3909, 'Les Brenets', 2416, 'NE'),
(3910, 'Les Ponts-de-Martel', 2316, 'NE'),
(3911, 'Petit-Martel', 2316, 'NE'),
(3912, 'Cornaux NE', 2087, 'NE'),
(3913, 'Cressier NE', 2088, 'NE'),
(3914, 'Enges', 2073, 'NE'),
(3915, 'Hauterive NE', 2068, 'NE'),
(3916, 'Le Landeron', 2525, 'NE'),
(3917, 'Ligničres', 2523, 'NE'),
(3918, 'Neuchātel', 2000, 'NE'),
(3919, 'Peseux', 2034, 'NE'),
(3920, 'Corcelles NE', 2035, 'NE'),
(3921, 'Cormondrčche', 2036, 'NE'),
(3922, 'Valangin', 2042, 'NE'),
(3923, 'Chaumont', 2067, 'NE'),
(3924, 'St-Blaise', 2072, 'NE'),
(3925, 'Marin-Epagnier', 2074, 'NE'),
(3926, 'Thielle', 2075, 'NE'),
(3927, 'Wavre', 2075, 'NE'),
(3928, 'Montmollin', 2037, 'NE'),
(3929, 'Boudevilliers', 2043, 'NE'),
(3930, 'Fontaines NE', 2046, 'NE'),
(3931, 'Fontainemelon', 2052, 'NE'),
(3932, 'La Vue-des-Alpes', 2052, 'NE'),
(3933, 'Cernier', 2053, 'NE'),
(3934, 'Chézard-St-Martin', 2054, 'NE'),
(3935, 'Les Vieux-Prés', 2054, 'NE'),
(3936, 'Dombresson', 2056, 'NE'),
(3937, 'Villiers', 2057, 'NE'),
(3938, 'Le Pāquier NE', 2058, 'NE'),
(3939, 'Vilars NE', 2063, 'NE'),
(3940, 'Engollon', 2063, 'NE'),
(3941, 'Fenin', 2063, 'NE'),
(3942, 'Saules', 2063, 'NE'),
(3943, 'Savagnier', 2065, 'NE'),
(3944, 'Les Geneveys-sur-Coffrane', 2206, 'NE'),
(3945, 'Coffrane', 2207, 'NE'),
(3946, 'Les Hauts-Geneveys', 2208, 'NE'),
(3947, 'La Cōte-aux-Fées', 2117, 'NE'),
(3948, 'Les Verričres', 2126, 'NE'),
(3949, 'Noiraigue', 2103, 'NE'),
(3950, 'Travers', 2105, 'NE'),
(3951, 'Couvet', 2108, 'NE'),
(3952, 'Mōtiers NE', 2112, 'NE'),
(3953, 'Boveresse', 2113, 'NE'),
(3954, 'Fleurier', 2114, 'NE'),
(3955, 'Buttes', 2115, 'NE'),
(3956, 'Mont-de-Buttes', 2116, 'NE'),
(3957, 'St-Sulpice NE', 2123, 'NE'),
(3958, 'Les Sagnettes', 2124, 'NE'),
(3959, 'Les Bayards', 2127, 'NE'),
(3960, 'Aire-la-Ville', 1288, 'GE'),
(3961, 'Aničres', 1247, 'GE'),
(3962, 'Avully', 1237, 'GE'),
(3963, 'Athenaz (Avusy)', 1285, 'GE'),
(3964, 'La Croix-de-Rozon', 1257, 'GE'),
(3965, 'Bellevue', 1293, 'GE'),
(3966, 'Bernex', 1233, 'GE'),
(3967, 'Carouge GE', 1227, 'GE'),
(3968, 'Cartigny', 1236, 'GE'),
(3969, 'Céligny', 1298, 'GE'),
(3970, 'Céligny', 1298, 'GE'),
(3971, 'Chancy', 1284, 'GE'),
(3972, 'Chźne-Bougeries', 1224, 'GE'),
(3973, 'Conches', 1231, 'GE'),
(3974, 'Chźne-Bourg', 1225, 'GE'),
(3975, 'Choulex', 1244, 'GE'),
(3976, 'Collex', 1239, 'GE'),
(3977, 'Vésenaz', 1222, 'GE'),
(3978, 'Collonge-Bellerive', 1245, 'GE'),
(3979, 'Cologny', 1223, 'GE'),
(3980, 'Confignon', 1232, 'GE'),
(3981, 'Corsier GE', 1246, 'GE'),
(3982, 'La Plaine', 1283, 'GE'),
(3983, 'Dardagny', 1283, 'GE'),
(3984, 'Genčve', 1201, 'GE'),
(3985, 'Genčve', 1202, 'GE'),
(3986, 'Genčve', 1203, 'GE'),
(3987, 'Genčve', 1204, 'GE'),
(3988, 'Genčve', 1205, 'GE'),
(3989, 'Genčve', 1206, 'GE'),
(3990, 'Genčve', 1207, 'GE'),
(3991, 'Genčve', 1208, 'GE'),
(3992, 'Genčve', 1209, 'GE'),
(3993, 'Les Acacias', 1227, 'GE'),
(3994, 'Genthod', 1294, 'GE'),
(3995, 'Genčve', 1215, 'GE'),
(3996, 'Le Grand-Saconnex', 1218, 'GE'),
(3997, 'Gy', 1251, 'GE'),
(3998, 'Hermance', 1248, 'GE'),
(3999, 'Jussy', 1254, 'GE'),
(4000, 'Laconnex', 1287, 'GE'),
(4001, 'Grand-Lancy', 1212, 'GE'),
(4002, 'Petit-Lancy', 1213, 'GE'),
(4003, 'Meinier', 1252, 'GE'),
(4004, 'Cointrin', 1216, 'GE'),
(4005, 'Meyrin', 1217, 'GE'),
(4006, 'Onex', 1213, 'GE'),
(4007, 'Perly', 1258, 'GE'),
(4008, 'Plan-les-Ouates', 1228, 'GE'),
(4009, 'Chambésy', 1292, 'GE'),
(4010, 'Presinge', 1243, 'GE'),
(4011, 'Puplinge', 1241, 'GE'),
(4012, 'Russin', 1281, 'GE'),
(4013, 'Satigny', 1242, 'GE'),
(4014, 'Soral', 1286, 'GE'),
(4015, 'Thōnex', 1226, 'GE'),
(4016, 'Troinex', 1256, 'GE'),
(4017, 'Vandoeuvres', 1253, 'GE'),
(4018, 'Vernier', 1214, 'GE'),
(4019, 'Le Lignon', 1219, 'GE'),
(4020, 'Aļre', 1219, 'GE'),
(4021, 'Chātelaine', 1219, 'GE'),
(4022, 'Les Avanchets', 1220, 'GE'),
(4023, 'Versoix', 1290, 'GE'),
(4024, 'Vessy', 1234, 'GE'),
(4025, 'Veyrier', 1255, 'GE'),
(4026, 'Boécourt', 2856, 'JU'),
(4027, 'Montavon', 2857, 'JU'),
(4028, 'Bourrignon', 2803, 'JU'),
(4029, 'Chātillon JU', 2843, 'JU'),
(4030, 'Courchapoix', 2825, 'JU'),
(4031, 'Courrendlin', 2830, 'JU'),
(4032, 'Vellerat', 2830, 'JU'),
(4033, 'Rebeuvelier', 2832, 'JU'),
(4034, 'Courroux', 2822, 'JU'),
(4035, 'Courcelon', 2823, 'JU'),
(4036, 'Courtételle', 2852, 'JU'),
(4037, 'Delémont', 2800, 'JU'),
(4038, 'Develier', 2802, 'JU'),
(4039, 'Ederswiler', 2813, 'JU'),
(4040, 'Mervelier', 2827, 'JU'),
(4041, 'Mettembert', 2806, 'JU'),
(4042, 'Movelier', 2812, 'JU'),
(4043, 'Pleigne', 2807, 'JU'),
(4044, 'Lucelle', 2807, 'JU'),
(4045, 'Rossemaison', 2842, 'JU'),
(4046, 'Saulcy', 2873, 'JU'),
(4047, 'Soyhičres', 2805, 'JU'),
(4048, 'Courfaivre', 2853, 'JU'),
(4049, 'Bassecourt', 2854, 'JU'),
(4050, 'Glovelier', 2855, 'JU'),
(4051, 'Undervelier', 2863, 'JU'),
(4052, 'Soulce', 2864, 'JU'),
(4053, 'Vicques', 2824, 'JU'),
(4054, 'Corban', 2826, 'JU'),
(4055, 'Montsevelier', 2828, 'JU'),
(4056, 'Vermes', 2829, 'JU'),
(4057, 'Le Bémont JU', 2360, 'JU'),
(4058, 'Les Bois', 2336, 'JU'),
(4059, 'Les Breuleux', 2345, 'JU'),
(4060, 'La Chaux-des-Breuleux', 2345, 'JU'),
(4061, 'Les Enfers', 2363, 'JU'),
(4062, 'Les Genevez JU', 2714, 'JU'),
(4063, 'Le Prédame', 2714, 'JU'),
(4064, 'Lajoux JU', 2718, 'JU'),
(4065, 'Fornet-Dessus', 2718, 'JU'),
(4066, 'Montfaucon', 2362, 'JU'),
(4067, 'Montfavergier', 2362, 'JU'),
(4068, 'Les Emibois', 2338, 'JU'),
(4069, 'Muriaux', 2338, 'JU'),
(4070, 'Le Cerneux-Veusil', 2345, 'JU'),
(4071, 'Le Noirmont', 2340, 'JU'),
(4072, 'Saignelégier', 2350, 'JU'),
(4073, 'Les Pommerats', 2353, 'JU'),
(4074, 'Goumois', 2354, 'JU'),
(4075, 'St-Brais', 2364, 'JU'),
(4076, 'St-Ursanne', 2882, 'JU'),
(4077, 'Soubey', 2887, 'JU'),
(4078, 'Alle', 2942, 'JU'),
(4079, 'Beurnevésin', 2935, 'JU'),
(4080, 'Boncourt', 2926, 'JU'),
(4081, 'Bonfol', 2944, 'JU'),
(4082, 'Bure', 2915, 'JU'),
(4083, 'Coeuve', 2932, 'JU'),
(4084, 'Cornol', 2952, 'JU'),
(4085, 'Courchavon', 2922, 'JU'),
(4086, 'Courgenay', 2950, 'JU'),
(4087, 'Courtemautruy', 2950, 'JU'),
(4088, 'Courtedoux', 2905, 'JU'),
(4089, 'Damphreux', 2933, 'JU'),
(4090, 'Fahy', 2916, 'JU'),
(4091, 'Fontenais', 2902, 'JU'),
(4092, 'Villars-sur-Fontenais', 2903, 'JU'),
(4093, 'Bressaucourt', 2904, 'JU'),
(4094, 'Grandfontaine', 2908, 'JU'),
(4095, 'Lugnez', 2933, 'JU'),
(4096, 'Porrentruy', 2900, 'JU'),
(4097, 'Vendlincourt', 2943, 'JU'),
(4098, 'Courtemaīche', 2923, 'JU'),
(4099, 'Montignez', 2924, 'JU'),
(4100, 'Buix', 2925, 'JU'),
(4101, 'St-Ursanne', 2882, 'JU'),
(4102, 'Montmelon', 2883, 'JU'),
(4103, 'Montenol', 2884, 'JU'),
(4104, 'Epauvillers', 2885, 'JU'),
(4105, 'Epiquerez', 2886, 'JU'),
(4106, 'Seleute', 2888, 'JU'),
(4107, 'Ocourt', 2889, 'JU'),
(4108, 'Chevenez', 2906, 'JU'),
(4109, 'Rocourt', 2907, 'JU'),
(4110, 'Réclčre', 2912, 'JU'),
(4111, 'Roche-d\'Or', 2912, 'JU'),
(4112, 'Damvant', 2914, 'JU'),
(4113, 'Miécourt', 2946, 'JU'),
(4114, 'Charmoille', 2947, 'JU'),
(4115, 'Fregiécourt', 2953, 'JU'),
(4116, 'Pleujouse', 2953, 'JU'),
(4117, 'Asuel', 2954, 'JU'),
(4118, 'Vaduz', 9490, 'LI'),
(4119, 'Triesen', 9495, 'LI'),
(4120, 'Balzers', 9496, 'LI'),
(4121, 'Triesenberg', 9497, 'LI'),
(4122, 'Schaan', 9494, 'LI'),
(4123, 'Planken', 9498, 'LI'),
(4124, 'Nendeln', 9485, 'LI'),
(4125, 'Eschen', 9492, 'LI'),
(4126, 'Schaanwald', 9486, 'LI'),
(4127, 'Mauren FL', 9493, 'LI'),
(4128, 'Gamprin-Bendern', 9487, 'LI'),
(4129, 'Ruggell', 9491, 'LI'),
(4130, 'Schellenberg', 9488, 'LI'),
(4131, 'Thunersee', 9999, 'BE'),
(4132, 'Brienzersee', 9999, 'BE'),
(4133, 'Bielersee', 9999, 'BE');


--
-- Déchargement des données de la table `compte`
--

INSERT INTO `compte` (`id`, `motDePasse`, `email`, `nomProfil`, `noTelephone`, `estActif`, `idFacebook`) VALUES
(1, NULL, NULL, 'Château de Chillon', '076 217 86 66', 1, '100141748861597'),
(2, NULL, NULL, 'Bill Alfhhcbgfddjc Fergiesen', NULL, 1, '104849538486138');


--
-- Déchargement des données de la table `institution`
--

INSERT INTO `institution` (`id`, `description`, `siteWeb`, `typeWatermark`, `imageProfil`, `filigrane`, `estValide`, `ville_id`, `domaine_id`, `rue`) VALUES
(1, 'Institution par défaut', 'https://fr.wikipedia.org/wiki/Wikip%C3%A9dia:Accueil_principal', 0, NULL, 'It is a filigrane', 1, 1, 2, NULL),
(2, NULL, NULL, NULL, NULL, NULL, 1, 3, 3, NULL);



COMMIT;

/*!40101 SET CHARACTER_SET_CLIENT=@OLD_CHARACTER_SET_CLIENT */;
/*!40101 SET CHARACTER_SET_RESULTS=@OLD_CHARACTER_SET_RESULTS */;
/*!40101 SET COLLATION_CONNECTION=@OLD_COLLATION_CONNECTION */;
